-- menu
INSERT INTO menu (menu_id, name, description) VALUES (1064, 'TOPCARE', 'quis libero nullam sit amet turpis elementum');
INSERT INTO menu (menu_id, name, description) VALUES (1087, 'AHC Intense Contour Balm Light', 'semper est quam pharetra magna ac consequat');
INSERT INTO menu (menu_id, name, description) VALUES (1065, 'ENALAPRIL MALEATE', 'nisi venenatis tristique fusce congue');
INSERT INTO menu (menu_id, name, description) VALUES (1069, 'Neutrogena Ageless Intensives Tone Correcting Daily Moisturizer', 'sed tincidunt eu felis fusce posuere felis sed');
INSERT INTO menu (menu_id, name, description) VALUES (1032, 'Sinus and Allergy', 'justo in hac habitasse platea');
INSERT INTO menu (menu_id, name, description) VALUES (1105, 'Urtica Conchae', 'aenean sit amet justo morbi ut');
INSERT INTO menu (menu_id, name, description) VALUES (1086, 'Threefold Balance', 'lobortis convallis tortor risus dapibus augue vel accumsan');
INSERT INTO menu (menu_id, name, description) VALUES (1127, 'Ampicillin', 'odio porttitor id consequat in consequat ut nulla');
INSERT INTO menu (menu_id, name, description) VALUES (1107, 'Cactus Compositum', 'lorem quisque ut erat curabitur gravida nisi');
INSERT INTO menu (menu_id, name, description) VALUES (1097, 'Telmisartan', 'adipiscing lorem vitae mattis nibh ligula nec sem');
INSERT INTO menu (menu_id, name, description) VALUES (1140, 'Sore Throat', 'donec dapibus duis at velit');
INSERT INTO menu (menu_id, name, description) VALUES (1137, 'Hydrogen Peroxide', 'neque duis bibendum morbi non quam nec');
INSERT INTO menu (menu_id, name, description) VALUES (1011, 'Promethazine Hydrochloride', 'iaculis congue vivamus metus arcu');
INSERT INTO menu (menu_id, name, description) VALUES (1040, 'Risperidone', 'eros suspendisse accumsan tortor quis');
INSERT INTO menu (menu_id, name, description) VALUES (1007, 'Balsalazide Disodium', 'non interdum in ante vestibulum ante');
INSERT INTO menu (menu_id, name, description) VALUES (1116, 'Winning Hands Alcohol Free', 'porta volutpat quam pede lobortis ligula sit');
INSERT INTO menu (menu_id, name, description) VALUES (1009, 'Vagi-Soothe', 'in hac habitasse platea dictumst etiam faucibus cursus urna');
INSERT INTO menu (menu_id, name, description) VALUES (1001, 'Isopropyl Alcohol', 'diam cras pellentesque volutpat dui');
INSERT INTO menu (menu_id, name, description) VALUES (1130, 'Freds Chest Congestion Relief', 'eleifend donec ut dolor morbi vel lectus in quam');
INSERT INTO menu (menu_id, name, description) VALUES (1100, 'AVANDARYL', 'vitae nisl aenean lectus pellentesque eget nunc');

-- restaurants
insert into restaurant (restaurant_id, name, description, type, menu_id, owner_id) values (1141, 'Organon USA Inc.', 'eleifend donec ut dolor morbi vel lectus in', 'BAR', 1064, 1);
insert into restaurant (restaurant_id, name, description, type, menu_id, owner_id) values (1071, 'Mylan Pharmaceuticals Inc.', 'habitasse platea dictumst aliquam augue quam sollicitudin vitae consectetuer eget rutrum', 'COFFEE_HOUSE', 1087, 1);
insert into restaurant (restaurant_id, name, description, type, menu_id, owner_id) values (1010, 'Caraco Pharmaceutical Laboratories, Ltd.', 'vel pede morbi porttitor lorem id ligula suspendisse ornare consequat', 'ORIENTAL', 1065, 1);
insert into restaurant (restaurant_id, name, description, type, menu_id, owner_id) values (1106, 'Alvogen Inc.', 'morbi ut odio cras mi pede malesuada in imperdiet et', 'DRINK_SHOP', 1069, 1);
insert into restaurant (restaurant_id, name, description, type, menu_id, owner_id) values (1105, 'Northstar Rx LLC', 'auctor gravida sem praesent id massa id nisl venenatis lacinia aenean', 'BAR', 1032, 1);
insert into restaurant (restaurant_id, name, description, type, menu_id, owner_id) values (1144, 'Pack Pharmaceuticals, LLC', 'phasellus in felis donec semper sapien a libero nam', 'ORIENTAL', 1105, 1);
insert into restaurant (restaurant_id, name, description, type, menu_id, owner_id) values (1006, 'Qualitest Pharmaceuticals', 'non pretium quis lectus suspendisse potenti in eleifend quam a', 'BAKERY', 1087, 1);
insert into restaurant (restaurant_id, name, description, type, menu_id, owner_id) values (1034, 'Mylan Institutional Inc.', 'enim leo rhoncus sed vestibulum sit amet cursus id turpis', 'RESTAURANT', 1127, 1);
insert into restaurant (restaurant_id, name, description, type, menu_id, owner_id) values (1033, 'Physicians Total Care, Inc.', 'enim sit amet nunc viverra dapibus nulla suscipit', 'BAKERY', 1107, 1);
insert into restaurant (restaurant_id, name, description, type, menu_id, owner_id) values (1072, 'Amgen Inc', 'tincidunt in leo maecenas pulvinar lobortis est phasellus sit amet', 'RESTAURANT', 1097, 1);
insert into restaurant (restaurant_id, name, description, type, menu_id, owner_id) values (1045, 'Walgreen Company', 'velit nec nisi vulputate nonummy maecenas tincidunt lacus at', 'BAKERY', 1140, 1);
insert into restaurant (restaurant_id, name, description, type, menu_id, owner_id) values (1054, 'Med-Health Pharma, LLC', 'enim sit amet nunc viverra dapibus nulla suscipit ligula', 'BAR', 1137, 1);
insert into restaurant (restaurant_id, name, description, type, menu_id, owner_id) values (1069, 'Certus Medical, Inc.', 'quis tortor id nulla ultrices aliquet maecenas leo odio condimentum id', 'BAKERY', 1011, 1);
insert into restaurant (restaurant_id, name, description, type, menu_id, owner_id) values (1036, 'McKesson', 'etiam vel augue vestibulum rutrum rutrum neque aenean auctor gravida sem praesent', 'RESTAURANT', 1040, 1);
insert into restaurant (restaurant_id, name, description, type, menu_id, owner_id) values (1033, 'Kmart Corporation', 'aliquam erat volutpat in congue etiam justo etiam', 'ORIENTAL', 1007, 1);
insert into restaurant (restaurant_id, name, description, type, menu_id, owner_id) values (1127, 'Newton Laboratories, Inc.', 'scelerisque quam turpis adipiscing lorem vitae mattis nibh ligula nec sem', 'BAR', 1116, 1);
insert into restaurant (restaurant_id, name, description, type, menu_id, owner_id) values (1145, 'Xiamen Olivee Daily Use Chemical Co., Ltd.', 'cubilia curae nulla dapibus dolor vel est donec odio justo sollicitudin ut', 'BAR', 1009, 1);
insert into restaurant (restaurant_id, name, description, type, menu_id, owner_id) values (1150, 'REMEDYREPACK INC.', 'non velit nec nisi vulputate nonummy maecenas tincidunt lacus at', 'BAKERY', 1001, 1);
insert into restaurant (restaurant_id, name, description, type, menu_id, owner_id) values (1092, 'Nelco Laboratories, Inc.', 'magna bibendum imperdiet nullam orci pede venenatis non sodales sed', 'COFFEE_HOUSE', 1130, 1);
insert into restaurant (restaurant_id, name, description, type, menu_id, owner_id) values (1097, 'Major Pharmaceuticals', 'vestibulum vestibulum ante ipsum primis in faucibus orci luctus et ultrices', 'BAR', 1100, 1);

-- delivery_addresses
insert into delivery_address (delivery_address_id, city, street, postal_code, restaurant_id) values (1001, 'Magok', 'Westerfield', '62-863', 1105);
insert into delivery_address (delivery_address_id, city, street, postal_code, restaurant_id) values (1002, 'Xekar', 'Arkansas', '51-732', 1092);
insert into delivery_address (delivery_address_id, city, street, postal_code, restaurant_id) values (1003, 'Brest', 'Thierer', '99-834', 1034);
insert into delivery_address (delivery_address_id, city, street, postal_code, restaurant_id) values (1004, 'Bagong Pagasa', 'Judy', '89-267', 1033);
insert into delivery_address (delivery_address_id, city, street, postal_code, restaurant_id) values (1005, 'Crumlin', 'Sherman', '25-656', 1105);
insert into delivery_address (delivery_address_id, city, street, postal_code, restaurant_id) values (1006, 'Daruoyan', 'Manitowish', '33-669', 1106);
insert into delivery_address (delivery_address_id, city, street, postal_code, restaurant_id) values (1007, 'Horní Stropnice', 'Manitowish', '93-643', 1106);
insert into delivery_address (delivery_address_id, city, street, postal_code, restaurant_id) values (1008, 'Penggakrajeng', 'Marquette', '64-472', 1092);
insert into delivery_address (delivery_address_id, city, street, postal_code, restaurant_id) values (1009, 'Sindangrasa', 'Brickson Park', '62-623', 1150);
insert into delivery_address (delivery_address_id, city, street, postal_code, restaurant_id) values (1010, 'Huaguo', 'Helena', '79-969', 1006);
insert into delivery_address (delivery_address_id, city, street, postal_code, restaurant_id) values (1011, 'Oyo', 'Sundown', '49-743', 1033);
insert into delivery_address (delivery_address_id, city, street, postal_code, restaurant_id) values (1012, 'Isheyevka', 'Montana', '95-625', 1045);
insert into delivery_address (delivery_address_id, city, street, postal_code, restaurant_id) values (1013, 'Junyang', 'Charing Cross', '27-768', 1010);
insert into delivery_address (delivery_address_id, city, street, postal_code, restaurant_id) values (1014, 'Kivsharivka', 'Rutledge', '49-633', 1092);
insert into delivery_address (delivery_address_id, city, street, postal_code, restaurant_id) values (1015, 'Xi’an', 'Eggendart', '41-596', 1054);
insert into delivery_address (delivery_address_id, city, street, postal_code, restaurant_id) values (1016, 'Siyabuswa', 'Florence', '42-986', 1150);
insert into delivery_address (delivery_address_id, city, street, postal_code, restaurant_id) values (1017, 'Versailles', 'Ohio', '210-962', 1033);
insert into delivery_address (delivery_address_id, city, street, postal_code, restaurant_id) values (1018, 'Hongshanzui', 'Lillian', '98-838', 1141);
insert into delivery_address (delivery_address_id, city, street, postal_code, restaurant_id) values (1019, 'Varberg', 'Hanover', '66-967', 1006);
insert into delivery_address (delivery_address_id, city, street, postal_code, restaurant_id) values (1020, 'Ayna', 'Tony', '24-837', 1033);
insert into delivery_address (delivery_address_id, city, street, postal_code, restaurant_id) values (1021, 'Nong Khai', 'Golf View', '73-424', 1033);
insert into delivery_address (delivery_address_id, city, street, postal_code, restaurant_id) values (1022, 'Smederevska Palanka', 'Garrison', '68-566', 1105);
insert into delivery_address (delivery_address_id, city, street, postal_code, restaurant_id) values (1023, 'Wulan', 'Waxwing', '68-657', 1054);
insert into delivery_address (delivery_address_id, city, street, postal_code, restaurant_id) values (1024, 'Daoqiao', 'Anhalt', '84-789', 1034);
insert into delivery_address (delivery_address_id, city, street, postal_code, restaurant_id) values (1025, 'Kayes', 'Hovde', '94-446', 1127);
insert into delivery_address (delivery_address_id, city, street, postal_code, restaurant_id) values (1026, 'Rouen', 'Bowman', '86-623', 1010);
insert into delivery_address (delivery_address_id, city, street, postal_code, restaurant_id) values (1027, 'Vincennes', 'Lerdahl', '66-259', 1092);
insert into delivery_address (delivery_address_id, city, street, postal_code, restaurant_id) values (1028, 'Banff', 'Butterfield', '37-688', 1054);
insert into delivery_address (delivery_address_id, city, street, postal_code, restaurant_id) values (1029, 'Nglojo', 'Portage', '73-266', 1092);
insert into delivery_address (delivery_address_id, city, street, postal_code, restaurant_id) values (1030, 'Nanmuping', 'Jackson', '76-727', 1127);
insert into delivery_address (delivery_address_id, city, street, postal_code, restaurant_id) values (1031, 'Kuanfatu', 'Mesta', '27-929', 1006);
insert into delivery_address (delivery_address_id, city, street, postal_code, restaurant_id) values (1032, 'Sanqiao', 'Evergreen', '39-893', 1150);
insert into delivery_address (delivery_address_id, city, street, postal_code, restaurant_id) values (1033, 'Mabasa', 'Oriole', '57-272', 1127);
insert into delivery_address (delivery_address_id, city, street, postal_code, restaurant_id) values (1034, 'Chiang Yuen', 'Nevada', '31-598', 1045);
insert into delivery_address (delivery_address_id, city, street, postal_code, restaurant_id) values (1035, 'Baratan', '8th', '54-892', 1006);
insert into delivery_address (delivery_address_id, city, street, postal_code, restaurant_id) values (1036, 'Mae Sot', 'Sauthoff', '38-982', 1150);
insert into delivery_address (delivery_address_id, city, street, postal_code, restaurant_id) values (1037, 'Mahe', 'Green Ridge', '61-635', 1071);
insert into delivery_address (delivery_address_id, city, street, postal_code, restaurant_id) values (1038, 'Lisala', 'Northridge', '72-562', 1034);
insert into delivery_address (delivery_address_id, city, street, postal_code, restaurant_id) values (1039, 'Kaffrine', 'Kipling', '37-978', 1071);
insert into delivery_address (delivery_address_id, city, street, postal_code, restaurant_id) values (1040, 'Västerås', 'Merchant', '65-277', 1036);
insert into delivery_address (delivery_address_id, city, street, postal_code, restaurant_id) values (1041, 'Melrose', 'Comanche', '52-598', 1141);
insert into delivery_address (delivery_address_id, city, street, postal_code, restaurant_id) values (1042, 'Yubileyny', 'Harper', '32-343', 1071);
insert into delivery_address (delivery_address_id, city, street, postal_code, restaurant_id) values (1043, 'Rudong', 'Vermont', '78-746', 1092);
insert into delivery_address (delivery_address_id, city, street, postal_code, restaurant_id) values (1044, 'Figueiredo', 'Sycamore', '44-735', 1141);
insert into delivery_address (delivery_address_id, city, street, postal_code, restaurant_id) values (1045, 'Leiling', 'Surrey', '310-733', 1106);
insert into delivery_address (delivery_address_id, city, street, postal_code, restaurant_id) values (1046, 'Puerta de Corral Quemado', 'Mayer', '23-276', 1006);
insert into delivery_address (delivery_address_id, city, street, postal_code, restaurant_id) values (1047, 'Annacotty', 'Judy', '79-698', 1105);
insert into delivery_address (delivery_address_id, city, street, postal_code, restaurant_id) values (1048, 'Cergy-Pontoise', 'Sommers', '42-334', 1033);
insert into delivery_address (delivery_address_id, city, street, postal_code, restaurant_id) values (1049, 'Panganiban', 'Scoville', '33-246', 1036);
insert into delivery_address (delivery_address_id, city, street, postal_code, restaurant_id) values (1050, 'Caja', 'Warrior', '58-679', 1006);
insert into delivery_address (delivery_address_id, city, street, postal_code, restaurant_id) values (1051, 'Kunri', '6th', '22-379', 1127);
insert into delivery_address (delivery_address_id, city, street, postal_code, restaurant_id) values (1052, 'MacArthur', 'Alpine', '45-785', 1069);
insert into delivery_address (delivery_address_id, city, street, postal_code, restaurant_id) values (1053, 'Linghu', 'East', '81-886', 1069);
insert into delivery_address (delivery_address_id, city, street, postal_code, restaurant_id) values (1054, 'Nay Pyi Taw', 'Dawn', '62-726', 1033);
insert into delivery_address (delivery_address_id, city, street, postal_code, restaurant_id) values (1055, 'Lukovë', 'Lakeland', '610-338', 1127);
insert into delivery_address (delivery_address_id, city, street, postal_code, restaurant_id) values (1056, 'Sinop', 'Ronald Regan', '67-636', 1097);
insert into delivery_address (delivery_address_id, city, street, postal_code, restaurant_id) values (1057, 'Chuncheon', 'Sherman', '93-687', 1106);
insert into delivery_address (delivery_address_id, city, street, postal_code, restaurant_id) values (1058, 'Tuquan', 'Tennyson', '24-892', 1034);
insert into delivery_address (delivery_address_id, city, street, postal_code, restaurant_id) values (1059, 'Rio Formoso', 'Eastlawn', '41-964', 1145);
insert into delivery_address (delivery_address_id, city, street, postal_code, restaurant_id) values (1060, 'Pehuajó', 'Packers', '24-429', 1071);
insert into delivery_address (delivery_address_id, city, street, postal_code, restaurant_id) values (1061, 'General Vedia', 'Oak', '72-574', 1072);
insert into delivery_address (delivery_address_id, city, street, postal_code, restaurant_id) values (1062, 'Yangxipu', 'Arapahoe', '97-493', 1071);
insert into delivery_address (delivery_address_id, city, street, postal_code, restaurant_id) values (1063, 'Acatenango', 'Vermont', '36-289', 1033);
insert into delivery_address (delivery_address_id, city, street, postal_code, restaurant_id) values (1064, 'Tuquan', 'Muir', '83-997', 1105);
insert into delivery_address (delivery_address_id, city, street, postal_code, restaurant_id) values (1065, 'Simpang', 'Columbus', '42-632', 1054);
insert into delivery_address (delivery_address_id, city, street, postal_code, restaurant_id) values (1066, 'Słońsk', 'Kings', '92-694', 1036);
insert into delivery_address (delivery_address_id, city, street, postal_code, restaurant_id) values (1067, 'Caibarién', 'Southridge', '76-437', 1072);
insert into delivery_address (delivery_address_id, city, street, postal_code, restaurant_id) values (1068, 'Bharatpur', 'Northwestern', '85-254', 1097);
insert into delivery_address (delivery_address_id, city, street, postal_code, restaurant_id) values (1069, 'Kuching', 'Starling', '25-996', 1145);
insert into delivery_address (delivery_address_id, city, street, postal_code, restaurant_id) values (1070, 'Wierzbica', 'Knutson', '56-227', 1106);
insert into delivery_address (delivery_address_id, city, street, postal_code, restaurant_id) values (1071, 'Venda do Alcaide', 'Banding', '510-388', 1036);
insert into delivery_address (delivery_address_id, city, street, postal_code, restaurant_id) values (1072, 'Orlu', 'Banding', '81-342', 1045);
insert into delivery_address (delivery_address_id, city, street, postal_code, restaurant_id) values (1073, 'Kowang Utara', '1st', '58-465', 1141);
insert into delivery_address (delivery_address_id, city, street, postal_code, restaurant_id) values (1074, 'Kuala Lumpur', 'Arrowood', '29-442', 1069);
insert into delivery_address (delivery_address_id, city, street, postal_code, restaurant_id) values (1075, 'Bernal', 'Moland', '99-673', 1010);
insert into delivery_address (delivery_address_id, city, street, postal_code, restaurant_id) values (1076, 'Xindian', 'Portage', '66-435', 1071);
insert into delivery_address (delivery_address_id, city, street, postal_code, restaurant_id) values (1077, 'Ábidos', 'Chinook', '72-266', 1034);
insert into delivery_address (delivery_address_id, city, street, postal_code, restaurant_id) values (1078, 'Sang-e Chārak', 'Eliot', '37-227', 1033);
insert into delivery_address (delivery_address_id, city, street, postal_code, restaurant_id) values (1079, 'Gobernador Ingeniero Valentín Virasoro', 'Green Ridge', '22-895', 1072);
insert into delivery_address (delivery_address_id, city, street, postal_code, restaurant_id) values (1080, 'Bira', 'Morrow', '76-547', 1127);
insert into delivery_address (delivery_address_id, city, street, postal_code, restaurant_id) values (1081, 'Nkoteng', 'Portage', '410-423', 1033);
insert into delivery_address (delivery_address_id, city, street, postal_code, restaurant_id) values (1082, 'Abelheira', 'Transport', '43-853', 1033);
insert into delivery_address (delivery_address_id, city, street, postal_code, restaurant_id) values (1083, 'Emiliano Zapata', 'Kings', '24-633', 1141);
insert into delivery_address (delivery_address_id, city, street, postal_code, restaurant_id) values (1084, 'Araçatuba', 'Eagle Crest', '310-585', 1045);
insert into delivery_address (delivery_address_id, city, street, postal_code, restaurant_id) values (1085, 'Trzebnica', 'Center', '82-227', 1010);
insert into delivery_address (delivery_address_id, city, street, postal_code, restaurant_id) values (1086, 'Abengourou', 'Kenwood', '43-992', 1006);
insert into delivery_address (delivery_address_id, city, street, postal_code, restaurant_id) values (1087, 'Daping', 'Ridge Oak', '87-856', 1127);
insert into delivery_address (delivery_address_id, city, street, postal_code, restaurant_id) values (1088, 'Bacungan', 'Donald', '79-744', 1071);
insert into delivery_address (delivery_address_id, city, street, postal_code, restaurant_id) values (1089, 'Vĩnh Thuận', 'Forest', '410-637', 1045);
insert into delivery_address (delivery_address_id, city, street, postal_code, restaurant_id) values (1090, 'Xinshao', 'Meadow Valley', '92-875', 1092);
insert into delivery_address (delivery_address_id, city, street, postal_code, restaurant_id) values (1091, 'Dolice', 'Doe Crossing', '26-364', 1069);
insert into delivery_address (delivery_address_id, city, street, postal_code, restaurant_id) values (1092, 'Tawen Aobao', 'Eastwood', '23-987', 1106);
insert into delivery_address (delivery_address_id, city, street, postal_code, restaurant_id) values (1093, 'Niono', 'Knutson', '29-888', 1141);
insert into delivery_address (delivery_address_id, city, street, postal_code, restaurant_id) values (1094, 'Tianning', 'Larry', '39-297', 1036);
insert into delivery_address (delivery_address_id, city, street, postal_code, restaurant_id) values (1095, 'Wojcieszków', 'Magdeline', '95-324', 1069);
insert into delivery_address (delivery_address_id, city, street, postal_code, restaurant_id) values (1096, 'Jelisavac', 'Autumn Leaf', '95-435', 1034);
insert into delivery_address (delivery_address_id, city, street, postal_code, restaurant_id) values (1097, 'Jasaan', 'Oneill', '44-875', 1106);
insert into delivery_address (delivery_address_id, city, street, postal_code, restaurant_id) values (1098, 'Gesing', 'Sachtjen', '82-845', 1036);
insert into delivery_address (delivery_address_id, city, street, postal_code, restaurant_id) values (1099, 'Faḩmah', 'Anthes', '29-647', 1069);
insert into delivery_address (delivery_address_id, city, street, postal_code, restaurant_id) values (1100, 'San José de Miranda', 'Namekagon', '610-293', 1034);
insert into delivery_address (delivery_address_id, city, street, postal_code, restaurant_id) values (1101, 'Oslo', 'Rowland', '43-777', 1092);
insert into delivery_address (delivery_address_id, city, street, postal_code, restaurant_id) values (1102, 'Kerema', 'Spenser', '910-394', 1069);
insert into delivery_address (delivery_address_id, city, street, postal_code, restaurant_id) values (1103, 'Kiaranonggeng', 'Hansons', '79-938', 1145);
insert into delivery_address (delivery_address_id, city, street, postal_code, restaurant_id) values (1104, 'Khalkhāl', 'Maryland', '51-859', 1097);
insert into delivery_address (delivery_address_id, city, street, postal_code, restaurant_id) values (1105, 'Constance', 'Forest', '74-869', 1097);
insert into delivery_address (delivery_address_id, city, street, postal_code, restaurant_id) values (1106, 'Lengkongjaya', 'Gulseth', '52-378', 1036);
insert into delivery_address (delivery_address_id, city, street, postal_code, restaurant_id) values (1107, 'Duifang', 'Columbus', '32-698', 1036);
insert into delivery_address (delivery_address_id, city, street, postal_code, restaurant_id) values (1108, 'Kaišiadorys', 'Park Meadow', '23-972', 1045);
insert into delivery_address (delivery_address_id, city, street, postal_code, restaurant_id) values (1109, 'Wuyang', 'Schlimgen', '710-565', 1105);
insert into delivery_address (delivery_address_id, city, street, postal_code, restaurant_id) values (1110, 'Pinglin', 'Commercial', '610-497', 1150);
insert into delivery_address (delivery_address_id, city, street, postal_code, restaurant_id) values (1111, 'Souran', 'Tony', '83-348', 1036);
insert into delivery_address (delivery_address_id, city, street, postal_code, restaurant_id) values (1112, 'Suren', 'Truax', '88-895', 1033);
insert into delivery_address (delivery_address_id, city, street, postal_code, restaurant_id) values (1113, 'Sugiharjo', 'Maple Wood', '54-475', 1141);
insert into delivery_address (delivery_address_id, city, street, postal_code, restaurant_id) values (1114, 'Aconibe', 'Springs', '67-277', 1069);
insert into delivery_address (delivery_address_id, city, street, postal_code, restaurant_id) values (1115, 'Kangasala', 'Dennis', '72-764', 1141);
insert into delivery_address (delivery_address_id, city, street, postal_code, restaurant_id) values (1116, 'Dahe', 'Eagle Crest', '81-857', 1106);
insert into delivery_address (delivery_address_id, city, street, postal_code, restaurant_id) values (1117, 'Sumbergedong', 'Ridge Oak', '62-457', 1033);
insert into delivery_address (delivery_address_id, city, street, postal_code, restaurant_id) values (1118, 'Mendeleyevsk', 'Portage', '710-723', 1010);
insert into delivery_address (delivery_address_id, city, street, postal_code, restaurant_id) values (1119, 'Canindé', 'Hovde', '410-373', 1033);
insert into delivery_address (delivery_address_id, city, street, postal_code, restaurant_id) values (1120, 'Paraguaçu', 'Main', '21-562', 1045);
insert into delivery_address (delivery_address_id, city, street, postal_code, restaurant_id) values (1121, 'Pader Palwo', 'Westridge', '49-644', 1105);
insert into delivery_address (delivery_address_id, city, street, postal_code, restaurant_id) values (1122, 'Calango', 'Dennis', '23-337', 1141);
insert into delivery_address (delivery_address_id, city, street, postal_code, restaurant_id) values (1123, 'Broshniv-Osada', 'Barby', '82-849', 1036);
insert into delivery_address (delivery_address_id, city, street, postal_code, restaurant_id) values (1124, 'Iranduba', 'Valley Edge', '810-372', 1145);
insert into delivery_address (delivery_address_id, city, street, postal_code, restaurant_id) values (1125, 'Funabashi', 'Dahle', '72-339', 1010);
insert into delivery_address (delivery_address_id, city, street, postal_code, restaurant_id) values (1126, 'Ta‘izz', 'Clarendon', '51-359', 1033);
insert into delivery_address (delivery_address_id, city, street, postal_code, restaurant_id) values (1127, 'Kuala Bintang', 'Mallory', '78-697', 1141);
insert into delivery_address (delivery_address_id, city, street, postal_code, restaurant_id) values (1128, 'Kuantan', 'Declaration', '23-752', 1127);
insert into delivery_address (delivery_address_id, city, street, postal_code, restaurant_id) values (1129, 'Juazeiro do Norte', 'Stephen', '23-894', 1097);
insert into delivery_address (delivery_address_id, city, street, postal_code, restaurant_id) values (1130, 'Huangqi', 'Grayhawk', '39-875', 1097);
insert into delivery_address (delivery_address_id, city, street, postal_code, restaurant_id) values (1131, 'Chencun', 'Shoshone', '78-682', 1054);
insert into delivery_address (delivery_address_id, city, street, postal_code, restaurant_id) values (1132, 'Poitiers', 'Merry', '54-478', 1105);
insert into delivery_address (delivery_address_id, city, street, postal_code, restaurant_id) values (1133, 'Lingsar', 'Summer Ridge', '24-773', 1054);
insert into delivery_address (delivery_address_id, city, street, postal_code, restaurant_id) values (1134, 'Los Angeles', 'Marcy', '33-934', 1144);
insert into delivery_address (delivery_address_id, city, street, postal_code, restaurant_id) values (1135, 'Youkounkoun', 'Sommers', '94-876', 1054);
insert into delivery_address (delivery_address_id, city, street, postal_code, restaurant_id) values (1136, 'Nankāna Sāhib', 'Towne', '82-634', 1106);
insert into delivery_address (delivery_address_id, city, street, postal_code, restaurant_id) values (1137, 'Phunphin', 'Eagan', '22-884', 1127);
insert into delivery_address (delivery_address_id, city, street, postal_code, restaurant_id) values (1138, 'Farinheiras', 'Longview', '39-552', 1145);
insert into delivery_address (delivery_address_id, city, street, postal_code, restaurant_id) values (1139, 'Yajiang', 'Twin Pines', '74-239', 1034);
insert into delivery_address (delivery_address_id, city, street, postal_code, restaurant_id) values (1140, 'Kotabaru', 'Springview', '76-566', 1144);
insert into delivery_address (delivery_address_id, city, street, postal_code, restaurant_id) values (1141, 'Jenesano', 'Spenser', '56-975', 1054);
insert into delivery_address (delivery_address_id, city, street, postal_code, restaurant_id) values (1142, 'Gangou', 'Lyons', '78-543', 1092);
insert into delivery_address (delivery_address_id, city, street, postal_code, restaurant_id) values (1143, 'Antaparco', 'Longview', '39-449', 1092);
insert into delivery_address (delivery_address_id, city, street, postal_code, restaurant_id) values (1144, 'Lazdijai', 'Morrow', '79-622', 1145);
insert into delivery_address (delivery_address_id, city, street, postal_code, restaurant_id) values (1145, 'Bernal', 'Stuart', '28-252', 1145);
insert into delivery_address (delivery_address_id, city, street, postal_code, restaurant_id) values (1146, 'Cileles', 'Monterey', '83-842', 1071);
insert into delivery_address (delivery_address_id, city, street, postal_code, restaurant_id) values (1147, 'Gaomi', 'Loftsgordon', '33-582', 1144);
insert into delivery_address (delivery_address_id, city, street, postal_code, restaurant_id) values (1148, 'Silca', 'Ridge Oak', '47-459', 1106);
insert into delivery_address (delivery_address_id, city, street, postal_code, restaurant_id) values (1149, 'Soloma', 'Grayhawk', '57-592', 1006);
insert into delivery_address (delivery_address_id, city, street, postal_code, restaurant_id) values (1150, 'Diên Khánh', 'Memorial', '95-639', 1092);
insert into delivery_address (delivery_address_id, city, street, postal_code, restaurant_id) values (1151, 'Ivatsevichy', 'Annamark', '92-486', 1097);
insert into delivery_address (delivery_address_id, city, street, postal_code, restaurant_id) values (1152, 'Facatativá', 'Fairfield', '39-297', 1145);
insert into delivery_address (delivery_address_id, city, street, postal_code, restaurant_id) values (1153, 'Chajarí', 'Trailsway', '84-994', 1054);
insert into delivery_address (delivery_address_id, city, street, postal_code, restaurant_id) values (1154, 'Fushi', 'Melby', '62-398', 1045);
insert into delivery_address (delivery_address_id, city, street, postal_code, restaurant_id) values (1155, 'Mizhuang', 'Judy', '33-478', 1092);
insert into delivery_address (delivery_address_id, city, street, postal_code, restaurant_id) values (1156, 'Las Heras', 'Haas', '46-239', 1105);
insert into delivery_address (delivery_address_id, city, street, postal_code, restaurant_id) values (1157, 'Fengshan', 'Cambridge', '42-368', 1072);
insert into delivery_address (delivery_address_id, city, street, postal_code, restaurant_id) values (1158, 'Shuidong', 'Kipling', '75-989', 1054);
insert into delivery_address (delivery_address_id, city, street, postal_code, restaurant_id) values (1159, 'Secunda', 'Hazelcrest', '73-689', 1034);
insert into delivery_address (delivery_address_id, city, street, postal_code, restaurant_id) values (1160, 'Emiliano Zapata', 'Manufacturers', '28-223', 1145);
insert into delivery_address (delivery_address_id, city, street, postal_code, restaurant_id) values (1161, 'Chengnan', 'Di Loreto', '26-464', 1054);
insert into delivery_address (delivery_address_id, city, street, postal_code, restaurant_id) values (1162, 'Huazhu', 'Grasskamp', '310-478', 1105);
insert into delivery_address (delivery_address_id, city, street, postal_code, restaurant_id) values (1163, 'Banatska Topola', 'Garrison', '47-669', 1105);
insert into delivery_address (delivery_address_id, city, street, postal_code, restaurant_id) values (1164, 'Mahaba', 'Nevada', '58-999', 1010);
insert into delivery_address (delivery_address_id, city, street, postal_code, restaurant_id) values (1165, 'Changyanbao', 'Gina', '61-558', 1069);
insert into delivery_address (delivery_address_id, city, street, postal_code, restaurant_id) values (1166, 'Pārūn', 'Sycamore', '65-575', 1045);
insert into delivery_address (delivery_address_id, city, street, postal_code, restaurant_id) values (1167, 'Cuito', 'Norway Maple', '75-595', 1054);
insert into delivery_address (delivery_address_id, city, street, postal_code, restaurant_id) values (1168, 'São Fidélis', 'Farwell', '910-552', 1106);
insert into delivery_address (delivery_address_id, city, street, postal_code, restaurant_id) values (1169, 'Kavadarci', 'Duke', '46-976', 1054);
insert into delivery_address (delivery_address_id, city, street, postal_code, restaurant_id) values (1170, 'Dokuchayevs’k', 'Sycamore', '48-394', 1150);
insert into delivery_address (delivery_address_id, city, street, postal_code, restaurant_id) values (1171, 'Torino', 'Manufacturers', '24-787', 1071);
insert into delivery_address (delivery_address_id, city, street, postal_code, restaurant_id) values (1172, 'Tigpalay', 'Homewood', '44-388', 1045);
insert into delivery_address (delivery_address_id, city, street, postal_code, restaurant_id) values (1173, 'Zhenchuan', 'Shelley', '34-283', 1106);
insert into delivery_address (delivery_address_id, city, street, postal_code, restaurant_id) values (1174, 'Hulyaypole', 'New Castle', '79-636', 1072);
insert into delivery_address (delivery_address_id, city, street, postal_code, restaurant_id) values (1175, 'Białobrzegi', 'Oriole', '27-236', 1034);
insert into delivery_address (delivery_address_id, city, street, postal_code, restaurant_id) values (1176, 'Chengzi', 'Shopko', '94-628', 1092);
insert into delivery_address (delivery_address_id, city, street, postal_code, restaurant_id) values (1177, 'Abu Dhabi', 'Eggendart', '24-958', 1145);
insert into delivery_address (delivery_address_id, city, street, postal_code, restaurant_id) values (1178, 'Vailoa', 'Dixon', '62-729', 1097);
insert into delivery_address (delivery_address_id, city, street, postal_code, restaurant_id) values (1179, 'Kasembon', 'Leroy', '38-282', 1069);
insert into delivery_address (delivery_address_id, city, street, postal_code, restaurant_id) values (1180, 'Huangzhuang', 'Clyde Gallagher', '21-226', 1106);
insert into delivery_address (delivery_address_id, city, street, postal_code, restaurant_id) values (1181, 'El Corozo', 'Swallow', '91-248', 1071);
insert into delivery_address (delivery_address_id, city, street, postal_code, restaurant_id) values (1182, 'Jalal-Abad', 'Cottonwood', '42-233', 1071);
insert into delivery_address (delivery_address_id, city, street, postal_code, restaurant_id) values (1183, 'Biga', 'Huxley', '710-852', 1127);
insert into delivery_address (delivery_address_id, city, street, postal_code, restaurant_id) values (1184, 'Seminole', 'Cascade', '39-624', 1033);
insert into delivery_address (delivery_address_id, city, street, postal_code, restaurant_id) values (1185, 'Loandjili', 'Schmedeman', '410-448', 1150);
insert into delivery_address (delivery_address_id, city, street, postal_code, restaurant_id) values (1186, 'Santa Rosa', 'Johnson', '68-945', 1106);
insert into delivery_address (delivery_address_id, city, street, postal_code, restaurant_id) values (1187, 'Guéret', 'Cordelia', '91-236', 1069);
insert into delivery_address (delivery_address_id, city, street, postal_code, restaurant_id) values (1188, 'Kore', 'Vahlen', '45-742', 1150);
insert into delivery_address (delivery_address_id, city, street, postal_code, restaurant_id) values (1189, 'Cañas', 'Blackbird', '54-866', 1150);
insert into delivery_address (delivery_address_id, city, street, postal_code, restaurant_id) values (1190, 'Novoderevyankovskaya', 'Moose', '67-987', 1127);
insert into delivery_address (delivery_address_id, city, street, postal_code, restaurant_id) values (1191, 'Limanancong', 'Kipling', '23-349', 1033);
insert into delivery_address (delivery_address_id, city, street, postal_code, restaurant_id) values (1192, 'Pokrovka', 'Sachs', '63-783', 1072);
insert into delivery_address (delivery_address_id, city, street, postal_code, restaurant_id) values (1193, 'Río Guayabal de Yateras', 'Kennedy', '25-454', 1034);
insert into delivery_address (delivery_address_id, city, street, postal_code, restaurant_id) values (1194, 'Shaba', 'Thierer', '62-656', 1106);
insert into delivery_address (delivery_address_id, city, street, postal_code, restaurant_id) values (1195, 'Krajan', 'Barby', '84-586', 1097);
insert into delivery_address (delivery_address_id, city, street, postal_code, restaurant_id) values (1196, 'Mburukullu', 'Manufacturers', '69-398', 1010);
insert into delivery_address (delivery_address_id, city, street, postal_code, restaurant_id) values (1197, 'Batasan Bata', 'Manitowish', '210-685', 1006);
insert into delivery_address (delivery_address_id, city, street, postal_code, restaurant_id) values (1198, 'Saint-Jean-de-Braye', 'Ridge Oak', '86-736', 1106);
insert into delivery_address (delivery_address_id, city, street, postal_code, restaurant_id) values (1199, 'Potoci', 'Sloan', '46-744', 1105);
insert into delivery_address (delivery_address_id, city, street, postal_code, restaurant_id) values (1200, 'Zhongbao', 'Pleasure', '510-736', 1006);
insert into delivery_address (delivery_address_id, city, street, postal_code, restaurant_id) values (1201, 'Dambulla', 'Division', '63-497', 1144);
insert into delivery_address (delivery_address_id, city, street, postal_code, restaurant_id) values (1202, 'Nanlin', 'Vermont', '67-232', 1034);
insert into delivery_address (delivery_address_id, city, street, postal_code, restaurant_id) values (1203, 'Longtang', 'Del Sol', '910-269', 1069);
insert into delivery_address (delivery_address_id, city, street, postal_code, restaurant_id) values (1204, 'Malé Svatoňovice', 'Nelson', '49-933', 1145);
insert into delivery_address (delivery_address_id, city, street, postal_code, restaurant_id) values (1205, 'Béziers', 'Sunfield', '39-557', 1141);
insert into delivery_address (delivery_address_id, city, street, postal_code, restaurant_id) values (1206, 'Geneng', 'Banding', '36-248', 1033);
insert into delivery_address (delivery_address_id, city, street, postal_code, restaurant_id) values (1207, 'Panawuan', 'Grayhawk', '35-696', 1006);
insert into delivery_address (delivery_address_id, city, street, postal_code, restaurant_id) values (1208, 'Pocsi', 'Forster', '35-999', 1127);
insert into delivery_address (delivery_address_id, city, street, postal_code, restaurant_id) values (1209, 'Energetik', 'Lawn', '43-279', 1144);
insert into delivery_address (delivery_address_id, city, street, postal_code, restaurant_id) values (1210, 'Lebel-sur-Quévillon', 'Armistice', '68-587', 1036);
insert into delivery_address (delivery_address_id, city, street, postal_code, restaurant_id) values (1211, 'Biograd na Moru', 'Westend', '76-833', 1033);
insert into delivery_address (delivery_address_id, city, street, postal_code, restaurant_id) values (1212, 'Okanagan', 'Forest', '98-825', 1145);
insert into delivery_address (delivery_address_id, city, street, postal_code, restaurant_id) values (1213, 'Béziers', 'Karstens', '510-686', 1054);
insert into delivery_address (delivery_address_id, city, street, postal_code, restaurant_id) values (1214, 'Cayur', 'Lyons', '26-443', 1033);
insert into delivery_address (delivery_address_id, city, street, postal_code, restaurant_id) values (1215, 'Zevenaar', 'Mesta', '58-888', 1144);
insert into delivery_address (delivery_address_id, city, street, postal_code, restaurant_id) values (1216, 'Nart', 'Atwood', '26-373', 1010);
insert into delivery_address (delivery_address_id, city, street, postal_code, restaurant_id) values (1217, 'Motala', 'Stone Corner', '210-667', 1033);
insert into delivery_address (delivery_address_id, city, street, postal_code, restaurant_id) values (1218, 'Tras Cerros', 'Montana', '43-225', 1106);
insert into delivery_address (delivery_address_id, city, street, postal_code, restaurant_id) values (1219, 'Azovo', 'Becker', '63-649', 1105);
insert into delivery_address (delivery_address_id, city, street, postal_code, restaurant_id) values (1220, 'Amiens', 'Jana', '94-328', 1105);
insert into delivery_address (delivery_address_id, city, street, postal_code, restaurant_id) values (1221, 'Liang', 'Rigney', '310-546', 1072);
insert into delivery_address (delivery_address_id, city, street, postal_code, restaurant_id) values (1222, 'Tushi', 'Anzinger', '75-753', 1069);
insert into delivery_address (delivery_address_id, city, street, postal_code, restaurant_id) values (1223, 'Akat Amnuai', 'Division', '510-388', 1106);
insert into delivery_address (delivery_address_id, city, street, postal_code, restaurant_id) values (1224, 'Rudnya', 'Dixon', '83-536', 1036);
insert into delivery_address (delivery_address_id, city, street, postal_code, restaurant_id) values (1225, 'Xinshi', 'Maple', '96-523', 1034);
insert into delivery_address (delivery_address_id, city, street, postal_code, restaurant_id) values (1226, 'Nganane', 'American Ash', '56-855', 1097);
insert into delivery_address (delivery_address_id, city, street, postal_code, restaurant_id) values (1227, 'Haikou', 'Mesta', '95-865', 1033);
insert into delivery_address (delivery_address_id, city, street, postal_code, restaurant_id) values (1228, 'Donghai', 'Vera', '69-567', 1072);
insert into delivery_address (delivery_address_id, city, street, postal_code, restaurant_id) values (1229, 'Malibago', 'Charing Cross', '62-323', 1150);
insert into delivery_address (delivery_address_id, city, street, postal_code, restaurant_id) values (1230, 'Couço', 'Lerdahl', '77-228', 1033);
insert into delivery_address (delivery_address_id, city, street, postal_code, restaurant_id) values (1231, 'Real', 'Stone Corner', '89-833', 1127);
insert into delivery_address (delivery_address_id, city, street, postal_code, restaurant_id) values (1232, 'Teresina', 'Atwood', '44-575', 1127);
insert into delivery_address (delivery_address_id, city, street, postal_code, restaurant_id) values (1233, 'Buikwe', 'Sommers', '58-936', 1069);
insert into delivery_address (delivery_address_id, city, street, postal_code, restaurant_id) values (1234, 'Cool űrhajó', 'Gerald', '63-775', 1033);
insert into delivery_address (delivery_address_id, city, street, postal_code, restaurant_id) values (1235, 'Villa Carlos Paz', 'Melby', '99-594', 1033);
insert into delivery_address (delivery_address_id, city, street, postal_code, restaurant_id) values (1236, 'Birmingham', 'Garrison', '63-529', 1010);
insert into delivery_address (delivery_address_id, city, street, postal_code, restaurant_id) values (1237, 'Néa Kíos', 'Mayfield', '51-427', 1010);
insert into delivery_address (delivery_address_id, city, street, postal_code, restaurant_id) values (1238, 'Žebrák', 'Badeau', '26-577', 1092);
insert into delivery_address (delivery_address_id, city, street, postal_code, restaurant_id) values (1239, 'Marādah', 'Banding', '79-744', 1127);
insert into delivery_address (delivery_address_id, city, street, postal_code, restaurant_id) values (1240, 'Gävle', 'Bluejay', '57-298', 1069);
insert into delivery_address (delivery_address_id, city, street, postal_code, restaurant_id) values (1241, 'Citeureup', 'Fisk', '55-757', 1071);
insert into delivery_address (delivery_address_id, city, street, postal_code, restaurant_id) values (1242, 'Karuri', 'Merchant', '86-296', 1034);
insert into delivery_address (delivery_address_id, city, street, postal_code, restaurant_id) values (1243, 'Kut Chap', 'Schmedeman', '91-724', 1097);
insert into delivery_address (delivery_address_id, city, street, postal_code, restaurant_id) values (1244, 'Flores da Cunha', 'Morningstar', '86-367', 1071);
insert into delivery_address (delivery_address_id, city, street, postal_code, restaurant_id) values (1245, 'Shigu', 'Eagan', '41-774', 1033);
insert into delivery_address (delivery_address_id, city, street, postal_code, restaurant_id) values (1246, 'Hanyin Chengguanzhen', 'Straubel', '25-427', 1054);
insert into delivery_address (delivery_address_id, city, street, postal_code, restaurant_id) values (1247, 'Xiaochengzi', 'Cardinal', '64-727', 1097);
insert into delivery_address (delivery_address_id, city, street, postal_code, restaurant_id) values (1248, 'Kornyn', 'Hauk', '210-474', 1127);
insert into delivery_address (delivery_address_id, city, street, postal_code, restaurant_id) values (1249, 'Matadi', 'Fallview', '37-862', 1036);
insert into delivery_address (delivery_address_id, city, street, postal_code, restaurant_id) values (1250, 'Vyshniy Volochëk', 'Utah', '74-227', 1069);
insert into delivery_address (delivery_address_id, city, street, postal_code, restaurant_id) values (1251, 'Gryaznovskoye', 'Packers', '810-972', 1010);
insert into delivery_address (delivery_address_id, city, street, postal_code, restaurant_id) values (1252, 'Awilega', 'Towne', '61-969', 1071);
insert into delivery_address (delivery_address_id, city, street, postal_code, restaurant_id) values (1253, 'Dubrava', 'Oneill', '35-737', 1036);
insert into delivery_address (delivery_address_id, city, street, postal_code, restaurant_id) values (1254, 'Tegalrejo', 'Jay', '85-567', 1097);
insert into delivery_address (delivery_address_id, city, street, postal_code, restaurant_id) values (1255, 'Lille', 'Green', '91-365', 1033);
insert into delivery_address (delivery_address_id, city, street, postal_code, restaurant_id) values (1256, 'Pingshan', 'Dryden', '72-523', 1105);
insert into delivery_address (delivery_address_id, city, street, postal_code, restaurant_id) values (1257, 'Mella', 'Corben', '61-625', 1105);
insert into delivery_address (delivery_address_id, city, street, postal_code, restaurant_id) values (1258, 'Oenpeotnai', 'Morning', '63-497', 1034);
insert into delivery_address (delivery_address_id, city, street, postal_code, restaurant_id) values (1259, 'Taibai', 'Sachs', '61-637', 1069);
insert into delivery_address (delivery_address_id, city, street, postal_code, restaurant_id) values (1260, 'Mörrum', 'Lillian', '51-495', 1045);
insert into delivery_address (delivery_address_id, city, street, postal_code, restaurant_id) values (1261, 'Simpanganduwet', 'Norway Maple', '95-685', 1141);
insert into delivery_address (delivery_address_id, city, street, postal_code, restaurant_id) values (1262, 'Consolacion', 'Forest Run', '53-825', 1069);
insert into delivery_address (delivery_address_id, city, street, postal_code, restaurant_id) values (1263, 'Mersam', 'Commercial', '82-469', 1010);
insert into delivery_address (delivery_address_id, city, street, postal_code, restaurant_id) values (1264, 'Niugan', 'North', '41-945', 1150);
insert into delivery_address (delivery_address_id, city, street, postal_code, restaurant_id) values (1265, 'Rakhiv', 'Talisman', '96-966', 1144);
insert into delivery_address (delivery_address_id, city, street, postal_code, restaurant_id) values (1266, 'Domaradz', 'Fuller', '37-989', 1145);
insert into delivery_address (delivery_address_id, city, street, postal_code, restaurant_id) values (1267, 'Dongming', 'Messerschmidt', '57-443', 1144);
insert into delivery_address (delivery_address_id, city, street, postal_code, restaurant_id) values (1268, 'Nový Bor', 'Iowa', '85-469', 1045);
insert into delivery_address (delivery_address_id, city, street, postal_code, restaurant_id) values (1269, 'Banjarsari', 'Waywood', '51-843', 1150);
insert into delivery_address (delivery_address_id, city, street, postal_code, restaurant_id) values (1270, 'Xuyong', 'Toban', '85-876', 1141);
insert into delivery_address (delivery_address_id, city, street, postal_code, restaurant_id) values (1271, 'Tambillo', 'Mendota', '37-862', 1106);
insert into delivery_address (delivery_address_id, city, street, postal_code, restaurant_id) values (1272, 'Xinglong', 'Havey', '72-997', 1092);
insert into delivery_address (delivery_address_id, city, street, postal_code, restaurant_id) values (1273, 'Buyun', 'Burning Wood', '51-574', 1069);
insert into delivery_address (delivery_address_id, city, street, postal_code, restaurant_id) values (1274, 'Kallar Kahār', 'Anzinger', '23-738', 1141);
insert into delivery_address (delivery_address_id, city, street, postal_code, restaurant_id) values (1275, 'El Zulia', 'Corscot', '66-329', 1150);
insert into delivery_address (delivery_address_id, city, street, postal_code, restaurant_id) values (1276, 'Uddevalla', 'Golf Course', '76-656', 1010);
insert into delivery_address (delivery_address_id, city, street, postal_code, restaurant_id) values (1277, 'Lincheng', 'Linden', '29-342', 1144);
insert into delivery_address (delivery_address_id, city, street, postal_code, restaurant_id) values (1278, 'Genteng', 'Comanche', '55-893', 1071);
insert into delivery_address (delivery_address_id, city, street, postal_code, restaurant_id) values (1279, 'Luts’k', 'Arrowood', '21-448', 1069);
insert into delivery_address (delivery_address_id, city, street, postal_code, restaurant_id) values (1280, 'Kouqian', 'Vernon', '33-789', 1106);
insert into delivery_address (delivery_address_id, city, street, postal_code, restaurant_id) values (1281, 'Tower', 'Manitowish', '72-864', 1072);
insert into delivery_address (delivery_address_id, city, street, postal_code, restaurant_id) values (1282, 'Halayhay', 'Barby', '43-656', 1127);
insert into delivery_address (delivery_address_id, city, street, postal_code, restaurant_id) values (1283, 'Henglan', 'Rigney', '49-987', 1036);
insert into delivery_address (delivery_address_id, city, street, postal_code, restaurant_id) values (1284, 'Selaparang Timur', 'Memorial', '28-542', 1069);
insert into delivery_address (delivery_address_id, city, street, postal_code, restaurant_id) values (1285, 'Pulaupanggung', 'Declaration', '98-972', 1097);
insert into delivery_address (delivery_address_id, city, street, postal_code, restaurant_id) values (1286, 'Põltsamaa', 'Susan', '39-222', 1106);
insert into delivery_address (delivery_address_id, city, street, postal_code, restaurant_id) values (1287, 'Feuknoni', 'Monument', '84-324', 1127);
insert into delivery_address (delivery_address_id, city, street, postal_code, restaurant_id) values (1288, 'Arboleda', 'Hollow Ridge', '26-772', 1106);
insert into delivery_address (delivery_address_id, city, street, postal_code, restaurant_id) values (1289, 'Nanjing', 'Dapin', '510-836', 1072);
insert into delivery_address (delivery_address_id, city, street, postal_code, restaurant_id) values (1290, 'Inkerman', 'Shopko', '82-445', 1105);
insert into delivery_address (delivery_address_id, city, street, postal_code, restaurant_id) values (1291, 'Calapan', 'Forest', '38-793', 1144);
insert into delivery_address (delivery_address_id, city, street, postal_code, restaurant_id) values (1292, 'Milówka', 'Loeprich', '44-569', 1144);
insert into delivery_address (delivery_address_id, city, street, postal_code, restaurant_id) values (1293, 'Hengelo', 'Banding', '83-594', 1127);
insert into delivery_address (delivery_address_id, city, street, postal_code, restaurant_id) values (1294, 'Jurh', 'Meadow Vale', '25-544', 1054);
insert into delivery_address (delivery_address_id, city, street, postal_code, restaurant_id) values (1295, 'Maddarulug Norte', 'Bluestem', '25-965', 1144);
insert into delivery_address (delivery_address_id, city, street, postal_code, restaurant_id) values (1296, 'Blyznyuky', 'Hansons', '38-359', 1033);
insert into delivery_address (delivery_address_id, city, street, postal_code, restaurant_id) values (1297, 'Prnjavor', 'Grim', '810-647', 1144);
insert into delivery_address (delivery_address_id, city, street, postal_code, restaurant_id) values (1298, 'Bilice', 'Carpenter', '63-484', 1069);
insert into delivery_address (delivery_address_id, city, street, postal_code, restaurant_id) values (1299, 'Manonjaya', 'Knutson', '25-774', 1150);
insert into delivery_address (delivery_address_id, city, street, postal_code, restaurant_id) values (1300, 'Carhué', 'Havey', '34-722', 1045);

-- food
insert into food (food_id, name, description, price, food_type, menu_id) values (1001, 'Glypholecia Nyl.', 'In hac habitasse platea dictumst.', 871.92, 'DRINK', 1001);
insert into food (food_id, name, description, price, food_type, menu_id) values (1002, 'Delphinium nudicaule Torr. & A. Gray', 'Proin at turpis a pede posuere nonummy.', 264.3, 'DRINK', 1130);
insert into food (food_id, name, description, price, food_type, menu_id) values (1003, 'Campyloneurum phyllitidis (L.) C. Presl', 'Proin eu mi. Nulla ac enim.', 454.97, 'WINE', 1087);
insert into food (food_id, name, description, price, food_type, menu_id) values (1004, 'Lupinus gracilentus Greene', 'Praesent blandit lacinia erat.', 56.21, 'ROLL', 1107);
insert into food (food_id, name, description, price, food_type, menu_id) values (1005, 'Thelypodiopsis juniperorum (Payson) Rydb.', 'Duis consequat dui nec nisi volutpat eleifend.', 414.98, 'BEER', 1105);
insert into food (food_id, name, description, price, food_type, menu_id) values (1006, 'Rosa myriadenia Greene, nom. inq.', 'Nam nulla. Integer pede justo, lacinia eget, tincidunt eget, tempus vel, pede.', 682.77, 'DESSERT', 1007);
insert into food (food_id, name, description, price, food_type, menu_id) values (1007, 'Senecio vulgaris L.', 'Nullam sit amet turpis elementum ligula vehicula consequat.', 135.57, 'ROLL', 1100);
insert into food (food_id, name, description, price, food_type, menu_id) values (1008, 'Acacia verticillata (L''Hér.) Willd.', 'Cras non velit nec nisi vulputate nonummy.', 559.32, 'APPETIZER', 1011);
insert into food (food_id, name, description, price, food_type, menu_id) values (1009, 'Physaria (Nutt. ex Torr. & A. Gray) A. Gray', 'In congue. Etiam justo.', 503.28, 'SOUP', 1140);
insert into food (food_id, name, description, price, food_type, menu_id) values (1010, 'Eupatorium sessilifolium L. var. brittonianum Porter', 'Cras mi pede, malesuada in, imperdiet et, commodo vulputate, justo.', 51.71, 'DRINK', 1009);
insert into food (food_id, name, description, price, food_type, menu_id) values (1011, 'Deinandra increscens (H.M. Hall ex D.D. Keck) B.G. Baldw. ssp. foliosa (Hoover) B.G. Baldw.', 'Nulla mollis molestie lorem. Quisque ut erat.', 504.67, 'APPETIZER', 1107);
insert into food (food_id, name, description, price, food_type, menu_id) values (1012, 'Ivesia rhypara Ertter & Reveal var. rhypara', 'Nullam porttitor lacus at turpis. Donec posuere metus vitae ipsum.', 642.58, 'BREAD', 1040);
insert into food (food_id, name, description, price, food_type, menu_id) values (1013, 'Trypethelium eluteriae Spreng.', 'Suspendisse potenti. In eleifend quam a odio.', 776.8, 'BEER', 1069);
insert into food (food_id, name, description, price, food_type, menu_id) values (1014, 'Chaenactis nevadensis (Kellogg) A. Gray', 'Suspendisse ornare consequat lectus. In est risus, auctor sed, tristique in, tempus sit amet, sem.', 508.78, 'SNACK', 1086);
insert into food (food_id, name, description, price, food_type, menu_id) values (1015, 'Lysimachia ×commixta Fernald', 'Nulla ut erat id mauris vulputate elementum. Nullam varius.', 734.75, 'ROLL', 1107);
insert into food (food_id, name, description, price, food_type, menu_id) values (1016, 'Mimulus nanus Hook. & Arn. var. jepsonii (A.L. Grant) D. M. Thomps.', 'Maecenas rhoncus aliquam lacus. Morbi quis tortor id nulla ultrices aliquet.', 263.89, 'SNACK', 1105);
insert into food (food_id, name, description, price, food_type, menu_id) values (1017, 'Solidago radula Nutt. var. radula', 'Fusce posuere felis sed lacus. Morbi sem mauris, laoreet ut, rhoncus aliquet, pulvinar sed, nisl.', 907.86, 'BEER', 1087);
insert into food (food_id, name, description, price, food_type, menu_id) values (1018, 'Eriophorum ×pylaieanum Raymond', 'Vivamus metus arcu, adipiscing molestie, hendrerit at, vulputate vitae, nisl. Aenean lectus.', 65.67, 'COOKIE', 1086);
insert into food (food_id, name, description, price, food_type, menu_id) values (1019, 'Sagina nodosa (L.) Fenzl ssp. borealis Crow', 'In congue.', 937.01, 'WINE', 1069);
insert into food (food_id, name, description, price, food_type, menu_id) values (1020, 'Lecanora sipeana H. Magn.', 'Duis ac nibh. Fusce lacus purus, aliquet at, feugiat non, pretium quis, lectus.', 314.28, 'DESSERT', 1086);
insert into food (food_id, name, description, price, food_type, menu_id) values (1021, 'Leptogium sessile Vain.', 'Pellentesque ultrices mattis odio.', 998.92, 'COOKIE', 1116);
insert into food (food_id, name, description, price, food_type, menu_id) values (1022, 'Linanthus jonesii (A. Gray) Greene', 'Curabitur in libero ut massa volutpat convallis.', 116.7, 'TEA', 1087);
insert into food (food_id, name, description, price, food_type, menu_id) values (1023, 'Sabatia bartramii Wilbur', 'Fusce posuere felis sed lacus.', 219.27, 'BREAD', 1097);
insert into food (food_id, name, description, price, food_type, menu_id) values (1024, 'Glossopetalon pungens Brandegee', 'Donec ut mauris eget massa tempor convallis. Nulla neque libero, convallis eget, eleifend luctus, ultricies eu, nibh.', 812.39, 'MAIN_DISH', 1130);
insert into food (food_id, name, description, price, food_type, menu_id) values (1025, 'Phaeophyscia ciliata (Hoffm.) Moberg', 'Curabitur convallis.', 214.92, 'ALCOHOL', 1140);
insert into food (food_id, name, description, price, food_type, menu_id) values (1026, 'Chamaesyce pergamena (Small) Small', 'Integer ac leo. Pellentesque ultrices mattis odio.', 965.88, 'DRINK', 1007);
insert into food (food_id, name, description, price, food_type, menu_id) values (1027, 'Beta L.', 'Etiam faucibus cursus urna. Ut tellus.', 136.87, 'WINE', 1116);
insert into food (food_id, name, description, price, food_type, menu_id) values (1028, 'Clinopodium ascendens (Jord.) Samp.', 'Suspendisse potenti. In eleifend quam a odio.', 818.97, 'SNACK', 1007);
insert into food (food_id, name, description, price, food_type, menu_id) values (1029, 'Thelia Sull.', 'Suspendisse potenti. Cras in purus eu magna vulputate luctus.', 125.49, 'COFFEE', 1137);
insert into food (food_id, name, description, price, food_type, menu_id) values (1030, 'Eriogonum trichopes Torr. var. hooveri Reveal', 'In hac habitasse platea dictumst.', 678.5, 'BEER', 1137);
insert into food (food_id, name, description, price, food_type, menu_id) values (1031, 'Draba corrugata S. Watson var. saxosa (Davidson) Munz & I.M. Johnst.', 'Proin interdum mauris non ligula pellentesque ultrices. Phasellus id sapien in sapien iaculis congue.', 43.34, 'COFFEE', 1087);
insert into food (food_id, name, description, price, food_type, menu_id) values (1032, 'Symphyotrichum lanceolatum (Willd.) G.L. Nesom ssp. hesperium (A. Gray) G.L. Nesom', 'Vestibulum rutrum rutrum neque. Aenean auctor gravida sem.', 802.45, 'COOKIE', 1069);
insert into food (food_id, name, description, price, food_type, menu_id) values (1033, 'Eutrochium maculatum (L.) E.E. Lamont', 'Nam dui. Proin leo odio, porttitor id, consequat in, consequat ut, nulla.', 67.85, 'DESSERT', 1064);
insert into food (food_id, name, description, price, food_type, menu_id) values (1034, 'Spermacoce latifolia Aubl.', 'Duis ac nibh.', 684.83, 'BREAD', 1097);
insert into food (food_id, name, description, price, food_type, menu_id) values (1035, 'Acalypha gracilens A. Gray', 'In hac habitasse platea dictumst. Aliquam augue quam, sollicitudin vitae, consectetuer eget, rutrum at, lorem.', 532.35, 'APPETIZER', 1105);
insert into food (food_id, name, description, price, food_type, menu_id) values (1036, 'Astragalus nuttallianus DC. var. imperfectus (Rydb.) Barneby', 'Mauris enim leo, rhoncus sed, vestibulum sit amet, cursus id, turpis.', 473.21, 'WINE', 1100);
insert into food (food_id, name, description, price, food_type, menu_id) values (1037, 'Symphyotrichum subspicatum (Nees) G.L. Nesom var. grayi (Suksd.) G.L. Nesom', 'Integer tincidunt ante vel ipsum. Praesent blandit lacinia erat.', 902.26, 'BREAD', 1069);
insert into food (food_id, name, description, price, food_type, menu_id) values (1038, 'Sphagnum L.', 'Morbi odio odio, elementum eu, interdum eu, tincidunt in, leo.', 189.73, 'SNACK', 1007);
insert into food (food_id, name, description, price, food_type, menu_id) values (1039, 'Manfreda Salisb.', 'Nam tristique tortor eu pede.', 26.61, 'MAIN_DISH', 1116);
insert into food (food_id, name, description, price, food_type, menu_id) values (1040, 'Placynthiella oligotropha (J.R. Laundon) Coppins & P. James', 'Morbi quis tortor id nulla ultrices aliquet.', 542.43, 'COOKIE', 1032);
insert into food (food_id, name, description, price, food_type, menu_id) values (1041, 'Tillandsia fasciculata Sw. var. densispica Mez', 'Vivamus metus arcu, adipiscing molestie, hendrerit at, vulputate vitae, nisl.', 111.6, 'TEA', 1105);
insert into food (food_id, name, description, price, food_type, menu_id) values (1042, 'Brickellia baccharidea A. Gray', 'Vivamus tortor.', 462.41, 'TEA', 1032);
insert into food (food_id, name, description, price, food_type, menu_id) values (1043, 'Atriplex texana S. Watson', 'Mauris lacinia sapien quis libero.', 173.94, 'TEA', 1007);
insert into food (food_id, name, description, price, food_type, menu_id) values (1044, 'Cirriphyllum piliferum (Hedw.) Grout', 'Vestibulum ac est lacinia nisi venenatis tristique.', 720.66, 'SOUP', 1116);
insert into food (food_id, name, description, price, food_type, menu_id) values (1045, 'Cryptantha echinella Greene', 'Mauris enim leo, rhoncus sed, vestibulum sit amet, cursus id, turpis.', 737.1, 'ALCOHOL', 1040);
insert into food (food_id, name, description, price, food_type, menu_id) values (1046, 'Rubus aptatus L.H. Bailey', 'In hac habitasse platea dictumst. Aliquam augue quam, sollicitudin vitae, consectetuer eget, rutrum at, lorem.', 470.47, 'COOKIE', 1100);
insert into food (food_id, name, description, price, food_type, menu_id) values (1047, 'Sidalcea oregana (Nutt. ex Torr. & A. Gray) A. Gray ssp. oregana var. oregana', 'Phasellus id sapien in sapien iaculis congue. Vivamus metus arcu, adipiscing molestie, hendrerit at, vulputate vitae, nisl.', 822.66, 'APPETIZER', 1001);
insert into food (food_id, name, description, price, food_type, menu_id) values (1048, 'Leptodontium flexifolium (With.) Hampe', 'Etiam pretium iaculis justo.', 825.87, 'COFFEE', 1009);
insert into food (food_id, name, description, price, food_type, menu_id) values (1049, 'Lenophyllum Rose', 'Vestibulum ante ipsum primis in faucibus orci luctus et ultrices posuere cubilia Curae; Mauris viverra diam vitae quam.', 80.33, 'APPETIZER', 1137);
insert into food (food_id, name, description, price, food_type, menu_id) values (1050, 'Euphrasia hudsoniana Fernald & Wiegand', 'Nunc purus.', 546.42, 'APPETIZER', 1100);
insert into food (food_id, name, description, price, food_type, menu_id) values (1051, 'Polygala L.', 'Integer aliquet, massa id lobortis convallis, tortor risus dapibus augue, vel accumsan tellus nisi eu orci. Mauris lacinia sapien quis libero.', 694.9, 'COFFEE', 1100);
insert into food (food_id, name, description, price, food_type, menu_id) values (1052, 'Eriogonum longifolium Nutt. var. lindheimeri Gandog.', 'Quisque arcu libero, rutrum ac, lobortis vel, dapibus at, diam.', 430.49, 'DRINK', 1127);
insert into food (food_id, name, description, price, food_type, menu_id) values (1053, 'Osmorhiza longistylis (Torr.) DC.', 'Duis bibendum. Morbi non quam nec dui luctus rutrum.', 210.74, 'BREAKFAST', 1137);
insert into food (food_id, name, description, price, food_type, menu_id) values (1054, 'Hypericum kalmianum L.', 'Aenean sit amet justo.', 841.62, 'ALCOHOL', 1100);
insert into food (food_id, name, description, price, food_type, menu_id) values (1055, 'Heliotropium racemosum Rose & Standl.', 'Integer tincidunt ante vel ipsum.', 636.17, 'ROLL', 1069);
insert into food (food_id, name, description, price, food_type, menu_id) values (1056, 'Verbena ×illicita Moldenke', 'Cras pellentesque volutpat dui.', 607.48, 'BEER', 1064);
insert into food (food_id, name, description, price, food_type, menu_id) values (1057, 'Phaseolus acutifolius A. Gray var. latifolius Freeman', 'Morbi vel lectus in quam fringilla rhoncus.', 338.95, 'BEER', 1140);
insert into food (food_id, name, description, price, food_type, menu_id) values (1058, 'Lecidea ramulosa Th. Fr.', 'Nullam orci pede, venenatis non, sodales sed, tincidunt eu, felis.', 970.81, 'BEER', 1100);
insert into food (food_id, name, description, price, food_type, menu_id) values (1059, 'Berberis canadensis Mill.', 'Donec quis orci eget orci vehicula condimentum.', 560.15, 'DESSERT', 1100);
insert into food (food_id, name, description, price, food_type, menu_id) values (1060, 'Evolvulus filipes Mart.', 'Nam dui. Proin leo odio, porttitor id, consequat in, consequat ut, nulla.', 413.37, 'APPETIZER', 1001);
insert into food (food_id, name, description, price, food_type, menu_id) values (1061, 'Drosera filiformis Raf.', 'Quisque ut erat. Curabitur gravida nisi at nibh.', 596.77, 'DRINK', 1107);
insert into food (food_id, name, description, price, food_type, menu_id) values (1062, 'Rumex arcticus Trautv.', 'Nulla tempus. Vivamus in felis eu sapien cursus vestibulum.', 424.31, 'TEA', 1116);
insert into food (food_id, name, description, price, food_type, menu_id) values (1063, 'Pecluma pectinata (L.) M.G. Price', 'Nulla nisl. Nunc nisl.', 449.86, 'ROLL', 1065);
insert into food (food_id, name, description, price, food_type, menu_id) values (1064, 'Poa occidentalis Vasey', 'Vestibulum ante ipsum primis in faucibus orci luctus et ultrices posuere cubilia Curae; Donec pharetra, magna vestibulum aliquet ultrices, erat tortor sollicitudin mi, sit amet lobortis sapien sapien non mi. Integer ac neque.', 310.82, 'ROLL', 1105);
insert into food (food_id, name, description, price, food_type, menu_id) values (1065, 'Crataegus consanguinea Beadle', 'In hac habitasse platea dictumst. Etiam faucibus cursus urna.', 239.54, 'APPETIZER', 1001);
insert into food (food_id, name, description, price, food_type, menu_id) values (1066, 'Opuntia turbinata Small', 'Nunc rhoncus dui vel sem.', 333.8, 'SOUP', 1087);
insert into food (food_id, name, description, price, food_type, menu_id) values (1067, 'Caltha leptosepala DC. ssp. howellii (Huth) P.G. Sm.', 'Nam ultrices, libero non mattis pulvinar, nulla pede ullamcorper augue, a suscipit nulla elit ac nulla. Sed vel enim sit amet nunc viverra dapibus.', 173.11, 'APPETIZER', 1137);
insert into food (food_id, name, description, price, food_type, menu_id) values (1068, 'Stenorrhynchos speciosum (Jacq.) Rich. ex Spreng.', 'Fusce congue, diam id ornare imperdiet, sapien urna pretium nisl, ut volutpat sapien arcu sed augue. Aliquam erat volutpat.', 989.84, 'SOUP', 1064);
insert into food (food_id, name, description, price, food_type, menu_id) values (1069, 'Leptochloa fusca (L.) Kunth', 'Vestibulum sed magna at nunc commodo placerat. Praesent blandit.', 851.29, 'DESSERT', 1032);
insert into food (food_id, name, description, price, food_type, menu_id) values (1070, 'Sanionia uncinata (Hedw.) Loeske var. uncinata', 'Mauris ullamcorper purus sit amet nulla.', 349.5, 'BREAKFAST', 1140);
insert into food (food_id, name, description, price, food_type, menu_id) values (1071, 'Leptosiphon floribundum (A. Gray) J.M. Porter & L.A. Johnson ssp. floribundum', 'Morbi a ipsum.', 867.21, 'BREAKFAST', 1069);
insert into food (food_id, name, description, price, food_type, menu_id) values (1072, 'Senna pendula (Humb. & Bonpl. ex Willd.) Irwin & Barneby var. pendula (Humb. & Bonpl. ex Willd.) Irwin & Barneby [excluded]', 'Nullam varius. Nulla facilisi.', 226.82, 'BEER', 1105);
insert into food (food_id, name, description, price, food_type, menu_id) values (1073, 'Gibasis geniculata (Jacq.) Rohw.', 'Aliquam erat volutpat.', 982.96, 'APPETIZER', 1140);
insert into food (food_id, name, description, price, food_type, menu_id) values (1074, 'Caulanthus crassicaulis (Torr.) S. Watson var. crassicaulis', 'Nullam orci pede, venenatis non, sodales sed, tincidunt eu, felis.', 704.64, 'DESSERT', 1140);
insert into food (food_id, name, description, price, food_type, menu_id) values (1075, 'Eucrypta micrantha (Torr.) A. Heller', 'Nulla suscipit ligula in lacus. Curabitur at ipsum ac tellus semper interdum.', 596.08, 'SNACK', 1009);
insert into food (food_id, name, description, price, food_type, menu_id) values (1076, 'Chamaecrista nictitans (L.) Moench ssp. nictitans var. jaliscensis (Greenm.) Irwin & Barneby [excluded]', 'Etiam faucibus cursus urna. Ut tellus.', 623.43, 'ALCOHOL', 1130);
insert into food (food_id, name, description, price, food_type, menu_id) values (1077, 'Pogogyne Benth.', 'Cras pellentesque volutpat dui.', 363.64, 'APPETIZER', 1105);
insert into food (food_id, name, description, price, food_type, menu_id) values (1078, 'Camissonia boothii (Douglas ex Lehm.) P.H. Raven ssp. boothii', 'Vivamus metus arcu, adipiscing molestie, hendrerit at, vulputate vitae, nisl. Aenean lectus.', 893.04, 'COFFEE', 1137);
insert into food (food_id, name, description, price, food_type, menu_id) values (1079, 'Desmatodon heimii (Hedw.) Mitt. var. heimii', 'Maecenas rhoncus aliquam lacus. Morbi quis tortor id nulla ultrices aliquet.', 587.87, 'COFFEE', 1140);
insert into food (food_id, name, description, price, food_type, menu_id) values (1080, 'Penstemon rattanii A. Gray ssp. kleei (Greene) D.D. Keck', 'Cras mi pede, malesuada in, imperdiet et, commodo vulputate, justo.', 903.54, 'TEA', 1127);
insert into food (food_id, name, description, price, food_type, menu_id) values (1081, 'Sibbaldia procumbens L.', 'Suspendisse potenti. Nullam porttitor lacus at turpis.', 840.68, 'MAIN_DISH', 1107);
insert into food (food_id, name, description, price, food_type, menu_id) values (1082, 'Vaccinium ovalifolium Sm.', 'Suspendisse potenti.', 960.5, 'ROLL', 1086);
insert into food (food_id, name, description, price, food_type, menu_id) values (1083, 'Aristida purpurascens Poir. var. purpurascens', 'Cras non velit nec nisi vulputate nonummy.', 990.56, 'APPETIZER', 1087);
insert into food (food_id, name, description, price, food_type, menu_id) values (1084, 'Cyperus owanii Boeckeler', 'Integer aliquet, massa id lobortis convallis, tortor risus dapibus augue, vel accumsan tellus nisi eu orci.', 813.67, 'COFFEE', 1069);
insert into food (food_id, name, description, price, food_type, menu_id) values (1085, 'Scorzonera L.', 'Praesent blandit.', 84.95, 'SNACK', 1116);
insert into food (food_id, name, description, price, food_type, menu_id) values (1086, 'Astragalus chamaemeniscus Barneby', 'Vivamus in felis eu sapien cursus vestibulum. Proin eu mi.', 350.33, 'ROLL', 1116);
insert into food (food_id, name, description, price, food_type, menu_id) values (1087, 'Pistia L.', 'In est risus, auctor sed, tristique in, tempus sit amet, sem.', 100.25, 'BEER', 1069);
insert into food (food_id, name, description, price, food_type, menu_id) values (1088, 'Xanthoparmelia psoromifera (Kurok.) Hale', 'Praesent blandit. Nam nulla.', 414.97, 'APPETIZER', 1107);
insert into food (food_id, name, description, price, food_type, menu_id) values (1089, 'Acacia genistifolia Link', 'Fusce lacus purus, aliquet at, feugiat non, pretium quis, lectus.', 147.19, 'SNACK', 1009);
insert into food (food_id, name, description, price, food_type, menu_id) values (1090, 'Tilia americana L.', 'Fusce posuere felis sed lacus.', 546.69, 'SNACK', 1100);
insert into food (food_id, name, description, price, food_type, menu_id) values (1091, 'Brodiaea elegans Hoover ssp. hooveri Niehaus', 'Nulla mollis molestie lorem.', 71.38, 'WINE', 1116);
insert into food (food_id, name, description, price, food_type, menu_id) values (1092, 'Scoparia montevidensis (Spreng.) R.E. Fries', 'Cras in purus eu magna vulputate luctus.', 758.23, 'ROLL', 1137);
insert into food (food_id, name, description, price, food_type, menu_id) values (1093, 'Eupatorium capillifolium (Lam.) Small', 'Donec dapibus.', 537.06, 'SOUP', 1007);
insert into food (food_id, name, description, price, food_type, menu_id) values (1094, 'Salvia pallida Benth.', 'Phasellus in felis. Donec semper sapien a libero.', 795.76, 'MAIN_DISH', 1065);
insert into food (food_id, name, description, price, food_type, menu_id) values (1095, 'Cryptantha atwoodii Higgins', 'Proin risus.', 433.13, 'COFFEE', 1127);
insert into food (food_id, name, description, price, food_type, menu_id) values (1096, 'Triteleia crocea (Alph. Wood) Greene var. modesta (H.M. Hall) Hoover', 'Sed vel enim sit amet nunc viverra dapibus. Nulla suscipit ligula in lacus.', 787.27, 'TEA', 1065);
insert into food (food_id, name, description, price, food_type, menu_id) values (1097, 'Justicia adhatoda L.', 'Fusce lacus purus, aliquet at, feugiat non, pretium quis, lectus. Suspendisse potenti.', 707.41, 'TEA', 1140);
insert into food (food_id, name, description, price, food_type, menu_id) values (1098, 'Cyanea hamatiflora Rock ssp. hamatiflora', 'Nulla neque libero, convallis eget, eleifend luctus, ultricies eu, nibh. Quisque id justo sit amet sapien dignissim vestibulum.', 209.27, 'COFFEE', 1009);
insert into food (food_id, name, description, price, food_type, menu_id) values (1099, 'Pseudocymopterus J.M. Coult. & Rose', 'Nam dui. Proin leo odio, porttitor id, consequat in, consequat ut, nulla.', 476.04, 'SOUP', 1032);
insert into food (food_id, name, description, price, food_type, menu_id) values (1100, 'Comparettia Poepp. & Endl.', 'Nam ultrices, libero non mattis pulvinar, nulla pede ullamcorper augue, a suscipit nulla elit ac nulla.', 472.2, 'TEA', 1069);
insert into food (food_id, name, description, price, food_type, menu_id) values (1101, 'Sematophyllum marylandicum (Müll. Hal.) E. Britton', 'In blandit ultrices enim. Lorem ipsum dolor sit amet, consectetuer adipiscing elit.', 967.85, 'BREAD', 1127);
insert into food (food_id, name, description, price, food_type, menu_id) values (1102, 'Cheilanthes horridula Maxon', 'Praesent id massa id nisl venenatis lacinia.', 565.43, 'MAIN_DISH', 1040);
insert into food (food_id, name, description, price, food_type, menu_id) values (1103, 'Corymbia ficifolia (F. Muell.) K.D. Hill & L.A.S. Johnson', 'Nam dui. Proin leo odio, porttitor id, consequat in, consequat ut, nulla.', 294.04, 'APPETIZER', 1007);
insert into food (food_id, name, description, price, food_type, menu_id) values (1104, 'Eriogonum lachnogynum Torr. ex Benth.', 'Proin interdum mauris non ligula pellentesque ultrices. Phasellus id sapien in sapien iaculis congue.', 467.4, 'APPETIZER', 1065);
insert into food (food_id, name, description, price, food_type, menu_id) values (1105, 'Begonia foliosa Kunth var. miniata (Planch.) L.B. Sm. & B.G. Schub.', 'Vestibulum sed magna at nunc commodo placerat. Praesent blandit.', 164.95, 'BEER', 1137);
insert into food (food_id, name, description, price, food_type, menu_id) values (1106, 'Pediomelum cuspidatum (Pursh) Rydb.', 'Fusce posuere felis sed lacus.', 913.97, 'MAIN_DISH', 1065);
insert into food (food_id, name, description, price, food_type, menu_id) values (1107, 'Sphagnum majus (Russow) C.E.O. Jensen ssp. norvegica Flatberg', 'Maecenas ut massa quis augue luctus tincidunt.', 846.97, 'SOUP', 1086);
insert into food (food_id, name, description, price, food_type, menu_id) values (1108, 'Rubus fecundus L.H. Bailey', 'Duis consequat dui nec nisi volutpat eleifend.', 729.1, 'APPETIZER', 1040);
insert into food (food_id, name, description, price, food_type, menu_id) values (1109, 'Micarea cinerea (Schaerer) Hedl.', 'Nam congue, risus semper porta volutpat, quam pede lobortis ligula, sit amet eleifend pede libero quis orci. Nullam molestie nibh in lectus.', 396.44, 'DESSERT', 1086);
insert into food (food_id, name, description, price, food_type, menu_id) values (1110, 'Stylisma aquatica (Walter) Raf.', 'Vestibulum ante ipsum primis in faucibus orci luctus et ultrices posuere cubilia Curae; Donec pharetra, magna vestibulum aliquet ultrices, erat tortor sollicitudin mi, sit amet lobortis sapien sapien non mi. Integer ac neque.', 608.35, 'DRINK', 1116);
insert into food (food_id, name, description, price, food_type, menu_id) values (1111, 'Eriogonum brandegeei Rydb.', 'Duis at velit eu est congue elementum.', 896.92, 'COOKIE', 1032);
insert into food (food_id, name, description, price, food_type, menu_id) values (1112, 'Crotalaria lotifolia L.', 'Nulla ut erat id mauris vulputate elementum. Nullam varius.', 786.27, 'ROLL', 1001);
insert into food (food_id, name, description, price, food_type, menu_id) values (1113, 'Lathyrus vestitus Nutt. ssp. laevicarpus Broich', 'Nulla mollis molestie lorem.', 740.35, 'COFFEE', 1040);
insert into food (food_id, name, description, price, food_type, menu_id) values (1114, 'Lasthenia conjugens Greene', 'Fusce consequat. Nulla nisl.', 390.41, 'DESSERT', 1069);
insert into food (food_id, name, description, price, food_type, menu_id) values (1115, 'Phlox glaberrima L.', 'Ut tellus. Nulla ut erat id mauris vulputate elementum.', 882.19, 'TEA', 1105);
insert into food (food_id, name, description, price, food_type, menu_id) values (1116, 'Phlox alyssifolia Greene ssp. abdita (A. Nelson) Wherry', 'Vestibulum ante ipsum primis in faucibus orci luctus et ultrices posuere cubilia Curae; Mauris viverra diam vitae quam.', 118.11, 'COOKIE', 1011);
insert into food (food_id, name, description, price, food_type, menu_id) values (1117, 'Eleocharis microcarpa Torr.', 'Donec diam neque, vestibulum eget, vulputate ut, ultrices vel, augue. Vestibulum ante ipsum primis in faucibus orci luctus et ultrices posuere cubilia Curae; Donec pharetra, magna vestibulum aliquet ultrices, erat tortor sollicitudin mi, sit amet lobortis sapien sapien non mi.', 642.48, 'WINE', 1107);
insert into food (food_id, name, description, price, food_type, menu_id) values (1118, 'Pellaea glabella Mett. ex Kuhn ssp. occidentalis (E.E. Nelson) Windham', 'Quisque arcu libero, rutrum ac, lobortis vel, dapibus at, diam.', 762.18, 'MAIN_DISH', 1086);
insert into food (food_id, name, description, price, food_type, menu_id) values (1119, 'Descurainia obtusa (Greene) O.E. Schulz', 'In eleifend quam a odio.', 250.71, 'ALCOHOL', 1086);
insert into food (food_id, name, description, price, food_type, menu_id) values (1120, 'Epidendrum rigidum Jacq.', 'In hac habitasse platea dictumst. Maecenas ut massa quis augue luctus tincidunt.', 635.93, 'SNACK', 1107);
insert into food (food_id, name, description, price, food_type, menu_id) values (1121, 'Echeandia flavescens (Schult. & Schult. f.) Cruden', 'Vestibulum ante ipsum primis in faucibus orci luctus et ultrices posuere cubilia Curae; Nulla dapibus dolor vel est. Donec odio justo, sollicitudin ut, suscipit a, feugiat et, eros.', 938.87, 'BREAD', 1032);
insert into food (food_id, name, description, price, food_type, menu_id) values (1122, 'Viola vallicola A. Nelson var. major (Hook.) Fabijan', 'Duis at velit eu est congue elementum. In hac habitasse platea dictumst.', 354.66, 'DRINK', 1087);
insert into food (food_id, name, description, price, food_type, menu_id) values (1123, 'Pseudognaphalium domingense (Lam.) Anderb.', 'Mauris ullamcorper purus sit amet nulla.', 836.13, 'BREAKFAST', 1007);
insert into food (food_id, name, description, price, food_type, menu_id) values (1124, 'Cheilanthes gracillima D.C. Eaton', 'Proin leo odio, porttitor id, consequat in, consequat ut, nulla.', 139.81, 'BREAKFAST', 1137);
insert into food (food_id, name, description, price, food_type, menu_id) values (1125, 'Cyclopogon C. Presl', 'In congue. Etiam justo.', 873.59, 'MAIN_DISH', 1140);
insert into food (food_id, name, description, price, food_type, menu_id) values (1126, 'Suksdorfia violacea A. Gray', 'Pellentesque viverra pede ac diam. Cras pellentesque volutpat dui.', 678.78, 'DESSERT', 1140);
insert into food (food_id, name, description, price, food_type, menu_id) values (1127, 'Verbesina dissita A. Gray', 'Cras in purus eu magna vulputate luctus.', 228.56, 'MAIN_DISH', 1064);
insert into food (food_id, name, description, price, food_type, menu_id) values (1128, 'Porotrichum bigelovii (Sull.) Kindb.', 'Vestibulum rutrum rutrum neque. Aenean auctor gravida sem.', 592.93, 'DESSERT', 1069);
insert into food (food_id, name, description, price, food_type, menu_id) values (1129, 'Monarda fistulosa L.', 'Suspendisse potenti. Nullam porttitor lacus at turpis.', 191.97, 'WINE', 1007);
insert into food (food_id, name, description, price, food_type, menu_id) values (1130, 'Cetrelia chicitae (W.L. Culb.) W.L. Culb. & C.F. Culb.', 'Fusce posuere felis sed lacus.', 55.11, 'TEA', 1137);
insert into food (food_id, name, description, price, food_type, menu_id) values (1131, 'Cirsium vulgare (Savi) Ten.', 'Maecenas tristique, est et tempus semper, est quam pharetra magna, ac consequat metus sapien ut nunc.', 481.09, 'COOKIE', 1127);
insert into food (food_id, name, description, price, food_type, menu_id) values (1132, 'Phaseolus angustissimus A. Gray', 'Proin eu mi. Nulla ac enim.', 216.31, 'BREAD', 1007);
insert into food (food_id, name, description, price, food_type, menu_id) values (1133, 'Antennaria rosulata Rydb.', 'In hac habitasse platea dictumst. Morbi vestibulum, velit id pretium iaculis, diam erat fermentum justo, nec condimentum neque sapien placerat ante.', 327.77, 'ALCOHOL', 1107);
insert into food (food_id, name, description, price, food_type, menu_id) values (1134, 'Cucumeropsis mannii Naudin', 'Duis bibendum, felis sed interdum venenatis, turpis enim blandit mi, in porttitor pede justo eu massa.', 627.19, 'ALCOHOL', 1065);
insert into food (food_id, name, description, price, food_type, menu_id) values (1135, 'Phoenix dactylifera L.', 'Donec odio justo, sollicitudin ut, suscipit a, feugiat et, eros. Vestibulum ac est lacinia nisi venenatis tristique.', 73.7, 'ALCOHOL', 1116);
insert into food (food_id, name, description, price, food_type, menu_id) values (1136, 'Perityle villosa (S.F. Blake) Shinners', 'Cras pellentesque volutpat dui. Maecenas tristique, est et tempus semper, est quam pharetra magna, ac consequat metus sapien ut nunc.', 641.25, 'APPETIZER', 1130);
insert into food (food_id, name, description, price, food_type, menu_id) values (1137, 'Calycophyllum candidissimum (Vahl) DC.', 'In quis justo.', 699.57, 'DESSERT', 1097);
insert into food (food_id, name, description, price, food_type, menu_id) values (1138, 'Eriophorum ×medium Andersson ssp. ×medium ', 'Curabitur gravida nisi at nibh. In hac habitasse platea dictumst.', 579.86, 'SNACK', 1137);
insert into food (food_id, name, description, price, food_type, menu_id) values (1139, 'Psorothamnus kingii (S. Watson) Barneby', 'Nullam porttitor lacus at turpis. Donec posuere metus vitae ipsum.', 924.14, 'MAIN_DISH', 1100);
insert into food (food_id, name, description, price, food_type, menu_id) values (1140, 'Trichostema setaceum Houtt.', 'Ut at dolor quis odio consequat varius.', 904.12, 'DESSERT', 1137);
insert into food (food_id, name, description, price, food_type, menu_id) values (1141, 'Lipocarpha drummondii (Nees) G. Tucker', 'Nulla facilisi. Cras non velit nec nisi vulputate nonummy.', 241.5, 'SOUP', 1107);
insert into food (food_id, name, description, price, food_type, menu_id) values (1142, 'Anacyclus clavatus (Desf.) Pers.', 'Mauris lacinia sapien quis libero.', 875.01, 'SOUP', 1107);
insert into food (food_id, name, description, price, food_type, menu_id) values (1143, 'Draba lemmonii S. Watson', 'Maecenas rhoncus aliquam lacus. Morbi quis tortor id nulla ultrices aliquet.', 456.01, 'SOUP', 1127);
insert into food (food_id, name, description, price, food_type, menu_id) values (1144, 'Pleuridium mexicanum Cardot', 'Integer non velit.', 460.2, 'BREAD', 1086);
insert into food (food_id, name, description, price, food_type, menu_id) values (1145, 'Tsuga caroliniana Engelm.', 'Duis bibendum. Morbi non quam nec dui luctus rutrum.', 849.65, 'APPETIZER', 1007);
insert into food (food_id, name, description, price, food_type, menu_id) values (1146, 'Cornus foemina Mill.', 'In hac habitasse platea dictumst. Etiam faucibus cursus urna.', 315.15, 'COFFEE', 1107);
insert into food (food_id, name, description, price, food_type, menu_id) values (1147, 'Polygonum orientale L.', 'Integer aliquet, massa id lobortis convallis, tortor risus dapibus augue, vel accumsan tellus nisi eu orci.', 292.25, 'COFFEE', 1069);
insert into food (food_id, name, description, price, food_type, menu_id) values (1148, 'Eleocharis mutata (L.) Roem. & Schult.', 'In congue. Etiam justo.', 673.0, 'TEA', 1105);
insert into food (food_id, name, description, price, food_type, menu_id) values (1149, 'Cotoneaster acuminatus Lindl.', 'Suspendisse potenti.', 946.02, 'BEER', 1007);
insert into food (food_id, name, description, price, food_type, menu_id) values (1150, 'Pottia arizonica Wareh. var. arizonica', 'Nulla tempus.', 830.65, 'TEA', 1140);
insert into food (food_id, name, description, price, food_type, menu_id) values (1151, 'Fumaria officinalis L. ssp. wirtgenii (W.D.J. Koch) Arcang.', 'Vivamus vestibulum sagittis sapien. Cum sociis natoque penatibus et magnis dis parturient montes, nascetur ridiculus mus.', 662.27, 'SOUP', 1001);
insert into food (food_id, name, description, price, food_type, menu_id) values (1152, 'Arabis williamsii Rollins var. saximontana (Rollins) Rollins', 'Phasellus sit amet erat. Nulla tempus.', 953.31, 'TEA', 1001);
insert into food (food_id, name, description, price, food_type, menu_id) values (1153, 'Phacelia ivesiana Torr.', 'In sagittis dui vel nisl. Duis ac nibh.', 853.11, 'DRINK', 1137);
insert into food (food_id, name, description, price, food_type, menu_id) values (1154, 'Polemonium reptans L.', 'Cras in purus eu magna vulputate luctus. Cum sociis natoque penatibus et magnis dis parturient montes, nascetur ridiculus mus.', 839.17, 'ROLL', 1097);
insert into food (food_id, name, description, price, food_type, menu_id) values (1155, 'Pennisetum complanatum (Nees) Hemsl.', 'Quisque arcu libero, rutrum ac, lobortis vel, dapibus at, diam. Nam tristique tortor eu pede.', 457.47, 'DESSERT', 1130);
insert into food (food_id, name, description, price, food_type, menu_id) values (1156, 'Quercus velutina Lam.', 'Aenean fermentum.', 697.12, 'WINE', 1107);
insert into food (food_id, name, description, price, food_type, menu_id) values (1157, 'Paederia cruddasiana Prain', 'Cras mi pede, malesuada in, imperdiet et, commodo vulputate, justo. In blandit ultrices enim.', 533.32, 'BEER', 1140);
insert into food (food_id, name, description, price, food_type, menu_id) values (1158, 'Ericameria cuneata (A. Gray) McClatchie var. macrocephala Urbatsch', 'Fusce lacus purus, aliquet at, feugiat non, pretium quis, lectus. Suspendisse potenti.', 793.54, 'ALCOHOL', 1107);
insert into food (food_id, name, description, price, food_type, menu_id) values (1159, 'Draba glabella Pursh var. glabella', 'Nulla facilisi.', 23.64, 'SOUP', 1032);
insert into food (food_id, name, description, price, food_type, menu_id) values (1160, 'Lomatium cous (S. Watson) J.M. Coult. & Rose', 'Praesent id massa id nisl venenatis lacinia. Aenean sit amet justo.', 115.38, 'COOKIE', 1097);
insert into food (food_id, name, description, price, food_type, menu_id) values (1161, 'Bolandra A. Gray', 'Duis bibendum. Morbi non quam nec dui luctus rutrum.', 68.96, 'APPETIZER', 1097);
insert into food (food_id, name, description, price, food_type, menu_id) values (1162, 'Dodecatheon hendersonii A. Gray ssp. hansenii (Greene) Kartesz', 'Vivamus vestibulum sagittis sapien. Cum sociis natoque penatibus et magnis dis parturient montes, nascetur ridiculus mus.', 485.88, 'COOKIE', 1087);
insert into food (food_id, name, description, price, food_type, menu_id) values (1163, 'Tinantia anomala (Torr.) C.B. Clarke', 'Cum sociis natoque penatibus et magnis dis parturient montes, nascetur ridiculus mus. Etiam vel augue.', 157.68, 'SOUP', 1040);
insert into food (food_id, name, description, price, food_type, menu_id) values (1164, 'Arthrostylidium farctum (Aubl.) Soderstr. & Lourteig.', 'Suspendisse accumsan tortor quis turpis. Sed ante.', 654.7, 'WINE', 1097);
insert into food (food_id, name, description, price, food_type, menu_id) values (1165, 'Ulota D. Mohr', 'Suspendisse accumsan tortor quis turpis. Sed ante.', 638.62, 'TEA', 1137);
insert into food (food_id, name, description, price, food_type, menu_id) values (1166, 'Opuntia ×occidentalis Engelm. & J.M. Bigelow (pro sp.)', 'In hac habitasse platea dictumst. Aliquam augue quam, sollicitudin vitae, consectetuer eget, rutrum at, lorem.', 943.66, 'DRINK', 1137);
insert into food (food_id, name, description, price, food_type, menu_id) values (1167, 'Oligotrichum Lam. & DC.', 'Praesent blandit. Nam nulla.', 890.91, 'MAIN_DISH', 1116);
insert into food (food_id, name, description, price, food_type, menu_id) values (1168, 'Sibbaldia procumbens L.', 'Etiam vel augue.', 313.68, 'TEA', 1001);
insert into food (food_id, name, description, price, food_type, menu_id) values (1169, 'Chrysopsis pilosa Nutt.', 'Cras non velit nec nisi vulputate nonummy.', 19.97, 'SOUP', 1127);
insert into food (food_id, name, description, price, food_type, menu_id) values (1170, 'Narcissus jonquilla L.', 'Nulla ac enim. In tempor, turpis nec euismod scelerisque, quam turpis adipiscing lorem, vitae mattis nibh ligula nec sem.', 712.7, 'BREAD', 1140);
insert into food (food_id, name, description, price, food_type, menu_id) values (1171, 'Trichodon cylindricus (Hedw.) Schimp. var. oblongus (Lindb.) Podp.', 'Sed vel enim sit amet nunc viverra dapibus.', 137.04, 'TEA', 1100);
insert into food (food_id, name, description, price, food_type, menu_id) values (1172, 'Gaylussacia tomentosa (A. Gray) Pursh ex Small', 'Morbi vestibulum, velit id pretium iaculis, diam erat fermentum justo, nec condimentum neque sapien placerat ante. Nulla justo.', 448.35, 'SOUP', 1011);
insert into food (food_id, name, description, price, food_type, menu_id) values (1173, 'Stuckenia filiformis (Pers.) Börner ssp. occidentalis (J.W. Robbins) Haynes, D.H. Les & M. Kral', 'Lorem ipsum dolor sit amet, consectetuer adipiscing elit.', 535.93, 'SOUP', 1086);
insert into food (food_id, name, description, price, food_type, menu_id) values (1174, 'Astragalus misellus S. Watson var. pauper Barneby', 'Praesent id massa id nisl venenatis lacinia.', 124.49, 'MAIN_DISH', 1040);
insert into food (food_id, name, description, price, food_type, menu_id) values (1175, 'Convolvulus tricolor L.', 'Duis mattis egestas metus.', 57.95, 'BEER', 1001);
insert into food (food_id, name, description, price, food_type, menu_id) values (1176, 'Abrus Adans.', 'Nullam porttitor lacus at turpis.', 320.61, 'COFFEE', 1065);
insert into food (food_id, name, description, price, food_type, menu_id) values (1177, 'Solanum jamaicense Mill.', 'Pellentesque ultrices mattis odio.', 93.67, 'ALCOHOL', 1127);
insert into food (food_id, name, description, price, food_type, menu_id) values (1178, 'Melicope ovata (H. St. John & Hume) T.G. Hartley & B.C. Stone', 'Integer ac neque.', 296.58, 'BEER', 1116);
insert into food (food_id, name, description, price, food_type, menu_id) values (1179, 'Lesquerella thamnophila Rollins & Shaw', 'Quisque arcu libero, rutrum ac, lobortis vel, dapibus at, diam. Nam tristique tortor eu pede.', 293.4, 'BEER', 1107);
insert into food (food_id, name, description, price, food_type, menu_id) values (1180, 'Lecidea virginiensis Calk. & Nyl.', 'Suspendisse potenti. Nullam porttitor lacus at turpis.', 490.67, 'BREAD', 1140);
insert into food (food_id, name, description, price, food_type, menu_id) values (1181, 'Yucca arkansana Trel.', 'Integer non velit.', 681.64, 'MAIN_DISH', 1007);
insert into food (food_id, name, description, price, food_type, menu_id) values (1182, 'Calochortus macrocarpus Douglas var. maculosus (A. Nelson & J.F. Macbr.) A. Nelson & J.F. Macbr.', 'Ut at dolor quis odio consequat varius.', 379.83, 'MAIN_DISH', 1137);
insert into food (food_id, name, description, price, food_type, menu_id) values (1183, 'Paspalum virletii Fourn.', 'Donec posuere metus vitae ipsum.', 929.75, 'COOKIE', 1105);
insert into food (food_id, name, description, price, food_type, menu_id) values (1184, 'Weinmannia L.', 'Donec diam neque, vestibulum eget, vulputate ut, ultrices vel, augue. Vestibulum ante ipsum primis in faucibus orci luctus et ultrices posuere cubilia Curae; Donec pharetra, magna vestibulum aliquet ultrices, erat tortor sollicitudin mi, sit amet lobortis sapien sapien non mi.', 94.48, 'MAIN_DISH', 1011);
insert into food (food_id, name, description, price, food_type, menu_id) values (1185, 'Ipomopsis spicata (Nutt.) V.E. Grant', 'Nulla ac enim. In tempor, turpis nec euismod scelerisque, quam turpis adipiscing lorem, vitae mattis nibh ligula nec sem.', 957.37, 'COOKIE', 1137);
insert into food (food_id, name, description, price, food_type, menu_id) values (1186, 'Liatris acidota Engelm. & A. Gray', 'Nulla nisl.', 526.36, 'BREAD', 1107);
insert into food (food_id, name, description, price, food_type, menu_id) values (1187, 'Ramalina celastri (Spreng.) Krog & Swinscow', 'Maecenas rhoncus aliquam lacus.', 427.79, 'APPETIZER', 1116);
insert into food (food_id, name, description, price, food_type, menu_id) values (1188, 'Cryptothele granuliformis (Nyl.) Henssen', 'Maecenas pulvinar lobortis est.', 405.53, 'MAIN_DISH', 1064);
insert into food (food_id, name, description, price, food_type, menu_id) values (1189, 'Cetrelia olivetorum (Nyl.) W.L. Culb. & C.F. Culb.', 'Ut at dolor quis odio consequat varius. Integer ac leo.', 516.75, 'APPETIZER', 1069);
insert into food (food_id, name, description, price, food_type, menu_id) values (1190, 'Claytonia multiscapa Rydb.', 'Pellentesque at nulla. Suspendisse potenti.', 123.26, 'BEER', 1001);
insert into food (food_id, name, description, price, food_type, menu_id) values (1191, 'Hudsonia montana Nutt.', 'Cum sociis natoque penatibus et magnis dis parturient montes, nascetur ridiculus mus.', 399.65, 'APPETIZER', 1032);
insert into food (food_id, name, description, price, food_type, menu_id) values (1192, 'Hypericum tetrapetalum Lam.', 'Integer a nibh.', 864.4, 'SNACK', 1130);
insert into food (food_id, name, description, price, food_type, menu_id) values (1193, 'Polyblastia obsoleta Arnold', 'Pellentesque eget nunc.', 967.26, 'DRINK', 1127);
insert into food (food_id, name, description, price, food_type, menu_id) values (1194, 'Corispermum hyssopifolium L.', 'Nulla tellus.', 254.79, 'WINE', 1116);
insert into food (food_id, name, description, price, food_type, menu_id) values (1195, 'Bidens laevis (L.) Britton, Sterns & Poggenb.', 'Duis mattis egestas metus. Aenean fermentum.', 287.03, 'ROLL', 1127);
insert into food (food_id, name, description, price, food_type, menu_id) values (1196, 'Oenothera rosea L''Hér. ex Aiton', 'Morbi non quam nec dui luctus rutrum. Nulla tellus.', 813.64, 'MAIN_DISH', 1107);
insert into food (food_id, name, description, price, food_type, menu_id) values (1197, 'Schizolobium parahybum (Vell.) S.F. Blake', 'Donec diam neque, vestibulum eget, vulputate ut, ultrices vel, augue. Vestibulum ante ipsum primis in faucibus orci luctus et ultrices posuere cubilia Curae; Donec pharetra, magna vestibulum aliquet ultrices, erat tortor sollicitudin mi, sit amet lobortis sapien sapien non mi.', 911.19, 'BEER', 1130);
insert into food (food_id, name, description, price, food_type, menu_id) values (1198, 'Grindelia hirsutula Hook. & Arn. var. hirsutula', 'Curabitur at ipsum ac tellus semper interdum.', 442.62, 'SOUP', 1140);
insert into food (food_id, name, description, price, food_type, menu_id) values (1199, 'Dichondra argentea Humb. & Bonpl. ex Willd.', 'Vivamus vel nulla eget eros elementum pellentesque.', 340.7, 'APPETIZER', 1007);
insert into food (food_id, name, description, price, food_type, menu_id) values (1200, 'Acer platanoides L.', 'Fusce lacus purus, aliquet at, feugiat non, pretium quis, lectus.', 42.18, 'DRINK', 1107);
insert into food (food_id, name, description, price, food_type, menu_id) values (1201, 'Astragalus distortus Torr. & A. Gray', 'Integer a nibh. In quis justo.', 724.59, 'APPETIZER', 1064);
insert into food (food_id, name, description, price, food_type, menu_id) values (1202, 'Philonotis glaucescens (Hornsch.) Broth.', 'Phasellus in felis. Donec semper sapien a libero.', 750.3, 'APPETIZER', 1116);
insert into food (food_id, name, description, price, food_type, menu_id) values (1203, 'Ochrosia elliptica Labill.', 'Quisque erat eros, viverra eget, congue eget, semper rutrum, nulla.', 90.14, 'ALCOHOL', 1001);
insert into food (food_id, name, description, price, food_type, menu_id) values (1204, 'Wyethia longicaulis A. Gray', 'In hac habitasse platea dictumst. Aliquam augue quam, sollicitudin vitae, consectetuer eget, rutrum at, lorem.', 540.0, 'SOUP', 1040);
insert into food (food_id, name, description, price, food_type, menu_id) values (1205, 'Pyrus communis L.', 'Duis ac nibh.', 228.78, 'SNACK', 1001);
insert into food (food_id, name, description, price, food_type, menu_id) values (1206, 'Xanthoparmelia vagans (Nyl.) Hale', 'Cras pellentesque volutpat dui.', 929.23, 'ROLL', 1040);
insert into food (food_id, name, description, price, food_type, menu_id) values (1207, 'Plumbago indica L.', 'Donec ut mauris eget massa tempor convallis. Nulla neque libero, convallis eget, eleifend luctus, ultricies eu, nibh.', 71.51, 'SNACK', 1127);
insert into food (food_id, name, description, price, food_type, menu_id) values (1208, 'Lomatium hendersonii (J.M. Coult. & Rose) J.M. Coult. & Rose', 'Sed sagittis.', 344.74, 'COOKIE', 1001);
insert into food (food_id, name, description, price, food_type, menu_id) values (1209, 'Brazoria truncata (Benth.) Engelm. & A. Gray', 'Pellentesque viverra pede ac diam. Cras pellentesque volutpat dui.', 726.24, 'MAIN_DISH', 1032);
insert into food (food_id, name, description, price, food_type, menu_id) values (1210, 'Dicranella howei Renauld & Cardot', 'Integer ac leo.', 277.13, 'DESSERT', 1086);
insert into food (food_id, name, description, price, food_type, menu_id) values (1211, 'Wolffiella gladiata (Hegelm.) Hegelm.', 'Sed ante.', 553.7, 'TEA', 1032);
insert into food (food_id, name, description, price, food_type, menu_id) values (1212, 'Schiedea spergulina A. Gray var. leiopoda Sherff', 'Praesent lectus.', 515.28, 'APPETIZER', 1086);
insert into food (food_id, name, description, price, food_type, menu_id) values (1213, 'Opuntia ×wootonii Griffiths', 'Suspendisse potenti. Cras in purus eu magna vulputate luctus.', 653.83, 'BREAD', 1007);
insert into food (food_id, name, description, price, food_type, menu_id) values (1214, 'Korthalsella cylindrica (v. Tiegh.) Engl.', 'Maecenas tristique, est et tempus semper, est quam pharetra magna, ac consequat metus sapien ut nunc.', 502.3, 'TEA', 1100);
insert into food (food_id, name, description, price, food_type, menu_id) values (1215, 'Lecidea marciensis Lowe', 'Integer aliquet, massa id lobortis convallis, tortor risus dapibus augue, vel accumsan tellus nisi eu orci.', 637.34, 'ROLL', 1130);
insert into food (food_id, name, description, price, food_type, menu_id) values (1216, 'Allium victorialis L.', 'Morbi sem mauris, laoreet ut, rhoncus aliquet, pulvinar sed, nisl.', 680.79, 'DRINK', 1040);
insert into food (food_id, name, description, price, food_type, menu_id) values (1217, 'Heliotropium fruticosum L.', 'Sed ante.', 907.12, 'COFFEE', 1087);
insert into food (food_id, name, description, price, food_type, menu_id) values (1218, 'Menispermum L.', 'Cras pellentesque volutpat dui.', 53.79, 'DRINK', 1107);
insert into food (food_id, name, description, price, food_type, menu_id) values (1219, 'Lupinus pusillus Pursh ssp. pusillus', 'Etiam justo.', 148.5, 'ALCOHOL', 1140);
insert into food (food_id, name, description, price, food_type, menu_id) values (1220, 'Gaura neomexicana Wooton ssp. neomexicana', 'Nulla tellus. In sagittis dui vel nisl.', 397.17, 'COOKIE', 1140);
insert into food (food_id, name, description, price, food_type, menu_id) values (1221, 'Sideroxylon americanum (Mill.) T.D. Penn.', 'Nunc purus. Phasellus in felis.', 270.16, 'TEA', 1064);
insert into food (food_id, name, description, price, food_type, menu_id) values (1222, 'Myriophyllum alterniflorum DC.', 'Morbi odio odio, elementum eu, interdum eu, tincidunt in, leo. Maecenas pulvinar lobortis est.', 892.84, 'COFFEE', 1137);
insert into food (food_id, name, description, price, food_type, menu_id) values (1223, 'Mimosa arenosa (Willd.) Poir.', 'Duis bibendum.', 818.61, 'ROLL', 1140);
insert into food (food_id, name, description, price, food_type, menu_id) values (1224, 'Arthraxon castratus (Griffiths) Naray. ex Bor', 'Vestibulum sed magna at nunc commodo placerat.', 527.86, 'BEER', 1001);
insert into food (food_id, name, description, price, food_type, menu_id) values (1225, 'Castilleja cusickii Greenm.', 'Quisque id justo sit amet sapien dignissim vestibulum.', 391.78, 'ALCOHOL', 1011);
insert into food (food_id, name, description, price, food_type, menu_id) values (1226, 'Crypsis schoenoides (L.) Lam.', 'Curabitur in libero ut massa volutpat convallis.', 548.63, 'APPETIZER', 1087);
insert into food (food_id, name, description, price, food_type, menu_id) values (1227, 'Saxifraga nelsoniana D. Don ssp. insularis (Hultén) Hultén', 'Nulla mollis molestie lorem. Quisque ut erat.', 603.35, 'BREAKFAST', 1140);
insert into food (food_id, name, description, price, food_type, menu_id) values (1228, 'Lomatium dasycarpum (Torr. & A. Gray) J.M. Coult. & Rose ssp. dasycarpum', 'Quisque ut erat.', 126.37, 'BREAD', 1127);
insert into food (food_id, name, description, price, food_type, menu_id) values (1229, 'Sarracenia rubra Walter', 'Aliquam quis turpis eget elit sodales scelerisque.', 89.75, 'DESSERT', 1087);
insert into food (food_id, name, description, price, food_type, menu_id) values (1230, 'Calystegia macrostegia (Greene) Brummitt ssp. cyclostegia (House) Brummitt', 'Mauris enim leo, rhoncus sed, vestibulum sit amet, cursus id, turpis. Integer aliquet, massa id lobortis convallis, tortor risus dapibus augue, vel accumsan tellus nisi eu orci.', 832.92, 'DESSERT', 1065);
insert into food (food_id, name, description, price, food_type, menu_id) values (1231, 'Artemisia tridentata Nutt. ssp. vaseyana (Rydb.) Beetle', 'Pellentesque at nulla.', 504.47, 'DRINK', 1001);
insert into food (food_id, name, description, price, food_type, menu_id) values (1232, 'Carex ×neofilipendula Lepage', 'Maecenas leo odio, condimentum id, luctus nec, molestie sed, justo.', 169.41, 'WINE', 1001);
insert into food (food_id, name, description, price, food_type, menu_id) values (1233, 'Eriogonum heermannii Durand & Hilg. var. subracemosum (S. Stokes) Reveal', 'Etiam vel augue. Vestibulum rutrum rutrum neque.', 877.07, 'APPETIZER', 1127);
insert into food (food_id, name, description, price, food_type, menu_id) values (1234, 'Eryngium integrifolium Walter', 'Vivamus metus arcu, adipiscing molestie, hendrerit at, vulputate vitae, nisl. Aenean lectus.', 363.47, 'SNACK', 1100);
insert into food (food_id, name, description, price, food_type, menu_id) values (1235, 'Brunnichia Banks ex Gaertn.', 'In hac habitasse platea dictumst.', 883.31, 'BEER', 1011);
insert into food (food_id, name, description, price, food_type, menu_id) values (1236, 'Miconia tetrandra (Sw.) D. Don', 'Proin eu mi. Nulla ac enim.', 854.89, 'BREAKFAST', 1137);
insert into food (food_id, name, description, price, food_type, menu_id) values (1237, 'Woodsia neomexicana Windham', 'In sagittis dui vel nisl.', 366.67, 'MAIN_DISH', 1065);
insert into food (food_id, name, description, price, food_type, menu_id) values (1238, 'Aquilegia laramiensis A. Nelson', 'Nullam varius. Nulla facilisi.', 515.48, 'SNACK', 1127);
insert into food (food_id, name, description, price, food_type, menu_id) values (1239, 'Cirsium undulatum (Nutt.) Spreng. var. undulatum', 'Vestibulum ante ipsum primis in faucibus orci luctus et ultrices posuere cubilia Curae; Mauris viverra diam vitae quam.', 30.1, 'APPETIZER', 1087);
insert into food (food_id, name, description, price, food_type, menu_id) values (1240, 'Ivesia sericoleuca (Rydb.) Rydb.', 'Nulla ac enim. In tempor, turpis nec euismod scelerisque, quam turpis adipiscing lorem, vitae mattis nibh ligula nec sem.', 70.51, 'BREAKFAST', 1140);
insert into food (food_id, name, description, price, food_type, menu_id) values (1241, 'Xanthosoma caracu K. Koch & Bouché', 'Nulla nisl.', 835.75, 'ALCOHOL', 1107);
insert into food (food_id, name, description, price, food_type, menu_id) values (1242, 'Cyanea linearifolia Rock', 'Nulla suscipit ligula in lacus. Curabitur at ipsum ac tellus semper interdum.', 274.82, 'BREAD', 1087);
insert into food (food_id, name, description, price, food_type, menu_id) values (1243, 'Corylus colurna L.', 'Praesent blandit. Nam nulla.', 415.97, 'COOKIE', 1116);
insert into food (food_id, name, description, price, food_type, menu_id) values (1244, 'Calymperes tenerum Müll. Hal.', 'Duis at velit eu est congue elementum. In hac habitasse platea dictumst.', 494.64, 'WINE', 1107);
insert into food (food_id, name, description, price, food_type, menu_id) values (1245, 'Phacelia corymbosa Jeps.', 'Quisque arcu libero, rutrum ac, lobortis vel, dapibus at, diam.', 528.44, 'MAIN_DISH', 1032);
insert into food (food_id, name, description, price, food_type, menu_id) values (1246, 'Ilex guianensis (Aubl.) Kuntze', 'Pellentesque eget nunc. Donec quis orci eget orci vehicula condimentum.', 288.47, 'APPETIZER', 1011);
insert into food (food_id, name, description, price, food_type, menu_id) values (1247, 'Oxystylis lutea Torr. & Frém.', 'Duis consequat dui nec nisi volutpat eleifend.', 400.74, 'ALCOHOL', 1001);
insert into food (food_id, name, description, price, food_type, menu_id) values (1248, 'Stelechocarpus (Blume) Hook. f. & Thomson', 'Curabitur convallis. Duis consequat dui nec nisi volutpat eleifend.', 510.02, 'BEER', 1087);
insert into food (food_id, name, description, price, food_type, menu_id) values (1249, 'Bacidia pallens (Kullhem) Zahlbr.', 'Cras mi pede, malesuada in, imperdiet et, commodo vulputate, justo.', 46.48, 'COOKIE', 1105);
insert into food (food_id, name, description, price, food_type, menu_id) values (1250, 'Humulus L.', 'Praesent id massa id nisl venenatis lacinia. Aenean sit amet justo.', 228.16, 'ROLL', 1107);
insert into food (food_id, name, description, price, food_type, menu_id) values (1251, 'Consolida tenuissima (Sm.) Soó', 'Cum sociis natoque penatibus et magnis dis parturient montes, nascetur ridiculus mus. Etiam vel augue.', 103.68, 'DRINK', 1127);
insert into food (food_id, name, description, price, food_type, menu_id) values (1252, 'Poa keckii Soreng', 'Nulla tellus. In sagittis dui vel nisl.', 872.21, 'TEA', 1011);
insert into food (food_id, name, description, price, food_type, menu_id) values (1253, 'Brickellia pringlei A. Gray', 'In blandit ultrices enim. Lorem ipsum dolor sit amet, consectetuer adipiscing elit.', 73.55, 'DRINK', 1001);
insert into food (food_id, name, description, price, food_type, menu_id) values (1254, 'Mimulus gemmiparus W.A. Weber', 'In hac habitasse platea dictumst.', 951.31, 'ALCOHOL', 1064);
insert into food (food_id, name, description, price, food_type, menu_id) values (1255, 'Clarkia speciosa F.H. Lewis & M.E. Lewis ssp. nitens (F.H. Lewis & M.E. Lewis) Lewis & P.H. Raven', 'Ut tellus. Nulla ut erat id mauris vulputate elementum.', 804.62, 'COOKIE', 1009);
insert into food (food_id, name, description, price, food_type, menu_id) values (1256, 'Corallorhiza Gagnebin, orth. cons.', 'Aenean lectus. Pellentesque eget nunc.', 209.5, 'WINE', 1137);
insert into food (food_id, name, description, price, food_type, menu_id) values (1257, 'Lupinus luteolus Kellogg', 'Nam nulla. Integer pede justo, lacinia eget, tincidunt eget, tempus vel, pede.', 518.48, 'TEA', 1011);
insert into food (food_id, name, description, price, food_type, menu_id) values (1258, 'Asterothyrium Müll. Arg.', 'Etiam pretium iaculis justo.', 89.67, 'SOUP', 1140);
insert into food (food_id, name, description, price, food_type, menu_id) values (1259, 'Verbesina lindheimeri B.L. Rob. & Greenm.', 'Vivamus metus arcu, adipiscing molestie, hendrerit at, vulputate vitae, nisl. Aenean lectus.', 863.21, 'SOUP', 1064);
insert into food (food_id, name, description, price, food_type, menu_id) values (1260, 'Salvia argentea L.', 'Morbi ut odio.', 737.42, 'BEER', 1116);
insert into food (food_id, name, description, price, food_type, menu_id) values (1261, 'Trautvetteria caroliniensis (Walter) Vail var. caroliniensis', 'Donec ut dolor.', 296.8, 'WINE', 1097);
insert into food (food_id, name, description, price, food_type, menu_id) values (1262, 'Senecio eremophilus Richardson', 'Lorem ipsum dolor sit amet, consectetuer adipiscing elit. Proin interdum mauris non ligula pellentesque ultrices.', 12.81, 'COOKIE', 1130);
insert into food (food_id, name, description, price, food_type, menu_id) values (1263, 'Opegrapha Ach.', 'Donec quis orci eget orci vehicula condimentum.', 801.42, 'COOKIE', 1107);
insert into food (food_id, name, description, price, food_type, menu_id) values (1264, 'Physaria didymocarpa (Hook.) A. Gray var. lanata A. Nelson', 'In hac habitasse platea dictumst. Morbi vestibulum, velit id pretium iaculis, diam erat fermentum justo, nec condimentum neque sapien placerat ante.', 676.7, 'DESSERT', 1100);
insert into food (food_id, name, description, price, food_type, menu_id) values (1265, 'Artemisia pontica L.', 'Etiam pretium iaculis justo.', 505.78, 'COFFEE', 1064);
insert into food (food_id, name, description, price, food_type, menu_id) values (1266, 'Ballota nigra L. var. foetida (Hayek) Vis.', 'Integer a nibh. In quis justo.', 493.17, 'COOKIE', 1040);
insert into food (food_id, name, description, price, food_type, menu_id) values (1267, 'Heterotheca camporum (Greene) Shinners', 'Praesent blandit.', 340.84, 'SOUP', 1097);
insert into food (food_id, name, description, price, food_type, menu_id) values (1268, 'Allium cratericola Eastw.', 'Donec odio justo, sollicitudin ut, suscipit a, feugiat et, eros.', 160.67, 'BREAKFAST', 1097);
insert into food (food_id, name, description, price, food_type, menu_id) values (1269, 'Hosta plantaginea (Lam.) Asch.', 'Mauris ullamcorper purus sit amet nulla. Quisque arcu libero, rutrum ac, lobortis vel, dapibus at, diam.', 74.83, 'ALCOHOL', 1127);
insert into food (food_id, name, description, price, food_type, menu_id) values (1270, 'Trifolium diffusum Ehrh.', 'Praesent blandit lacinia erat. Vestibulum sed magna at nunc commodo placerat.', 111.13, 'TEA', 1011);
insert into food (food_id, name, description, price, food_type, menu_id) values (1271, 'Paspalum quadrifarium Lam.', 'Sed sagittis.', 718.89, 'DESSERT', 1069);
insert into food (food_id, name, description, price, food_type, menu_id) values (1272, 'Vicia minutiflora F.G. Dietr.', 'Quisque arcu libero, rutrum ac, lobortis vel, dapibus at, diam. Nam tristique tortor eu pede.', 105.02, 'COFFEE', 1140);
insert into food (food_id, name, description, price, food_type, menu_id) values (1273, 'Eleocharis mamillata (Lindb. f.) Lindb. f.', 'Nulla tempus.', 948.01, 'BREAKFAST', 1105);
insert into food (food_id, name, description, price, food_type, menu_id) values (1274, 'Crotalaria incana L.', 'Vestibulum ante ipsum primis in faucibus orci luctus et ultrices posuere cubilia Curae; Nulla dapibus dolor vel est. Donec odio justo, sollicitudin ut, suscipit a, feugiat et, eros.', 678.11, 'DESSERT', 1001);
insert into food (food_id, name, description, price, food_type, menu_id) values (1275, 'Cirsium scopulorum (Greene) Cockerell ex Daniels', 'Duis aliquam convallis nunc. Proin at turpis a pede posuere nonummy.', 586.29, 'MAIN_DISH', 1086);
insert into food (food_id, name, description, price, food_type, menu_id) values (1276, 'Rinodina metaboliza Vain.', 'Nulla tempus.', 577.82, 'ROLL', 1105);
insert into food (food_id, name, description, price, food_type, menu_id) values (1277, 'Lycopodium hickeyi W.H. Wagner, Beitel & Moran', 'Pellentesque ultrices mattis odio. Donec vitae nisi.', 38.18, 'APPETIZER', 1065);
insert into food (food_id, name, description, price, food_type, menu_id) values (1278, 'Myrsine coriacea (Sw.) R. Br. ex Roem. & Schult.', 'Nulla nisl.', 586.04, 'COFFEE', 1065);
insert into food (food_id, name, description, price, food_type, menu_id) values (1279, 'Lupinus bicolor Lindl. ssp. tridentatus (Eastw. ex C.P. Sm.) D. Dunn', 'Cum sociis natoque penatibus et magnis dis parturient montes, nascetur ridiculus mus.', 469.76, 'COOKIE', 1069);
insert into food (food_id, name, description, price, food_type, menu_id) values (1280, 'Agave deserti Engelm. ssp. simplex Gentry', 'Cras mi pede, malesuada in, imperdiet et, commodo vulputate, justo. In blandit ultrices enim.', 903.89, 'SOUP', 1064);
insert into food (food_id, name, description, price, food_type, menu_id) values (1281, 'Erigeron eatonii A. Gray', 'Vestibulum ante ipsum primis in faucibus orci luctus et ultrices posuere cubilia Curae; Mauris viverra diam vitae quam. Suspendisse potenti.', 128.43, 'COOKIE', 1097);
insert into food (food_id, name, description, price, food_type, menu_id) values (1282, 'Nyssa sylvatica Marshall', 'Proin at turpis a pede posuere nonummy.', 763.16, 'DRINK', 1007);
insert into food (food_id, name, description, price, food_type, menu_id) values (1283, 'Papaver radicatum Rottb. ssp. radicatum', 'Donec dapibus.', 631.88, 'ALCOHOL', 1009);
insert into food (food_id, name, description, price, food_type, menu_id) values (1284, 'Lilaea Bonpl.', 'In congue.', 729.06, 'SOUP', 1130);
insert into food (food_id, name, description, price, food_type, menu_id) values (1285, 'Hieracium pilosella L. var. niveum Müll. Arg.', 'In sagittis dui vel nisl. Duis ac nibh.', 294.03, 'BREAKFAST', 1097);
insert into food (food_id, name, description, price, food_type, menu_id) values (1286, 'Vitis cinerea (Engelm.) Engelm. ex Millard var. cinerea', 'Donec dapibus.', 8.76, 'APPETIZER', 1064);
insert into food (food_id, name, description, price, food_type, menu_id) values (1287, 'Cardamine concatenata (Michx.) Sw.', 'Integer ac leo.', 389.4, 'MAIN_DISH', 1065);
insert into food (food_id, name, description, price, food_type, menu_id) values (1288, 'Carex lenticularis Michx.', 'Aliquam erat volutpat. In congue.', 106.13, 'BEER', 1086);
insert into food (food_id, name, description, price, food_type, menu_id) values (1289, 'Pinus uncinata Mill. ex Mirb.', 'Nam dui.', 390.74, 'COFFEE', 1065);
insert into food (food_id, name, description, price, food_type, menu_id) values (1290, 'Melothria pendula L. var. aspera Cogn.', 'Quisque arcu libero, rutrum ac, lobortis vel, dapibus at, diam. Nam tristique tortor eu pede.', 331.9, 'ROLL', 1130);
insert into food (food_id, name, description, price, food_type, menu_id) values (1291, 'Hedysarum sulphurescens Rydb.', 'Morbi porttitor lorem id ligula.', 725.7, 'WINE', 1116);
insert into food (food_id, name, description, price, food_type, menu_id) values (1292, 'Antennaria friesiana (Trautv.) Ekman ssp. alaskana (Malte) Hultén', 'Aenean auctor gravida sem.', 756.26, 'BREAD', 1086);
insert into food (food_id, name, description, price, food_type, menu_id) values (1293, 'Cryphaea filiformis (Hedw.) Brid.', 'Morbi non lectus. Aliquam sit amet diam in magna bibendum imperdiet.', 646.39, 'COOKIE', 1069);
insert into food (food_id, name, description, price, food_type, menu_id) values (1294, 'Justicia angusta (Chapm.) Small', 'Etiam justo. Etiam pretium iaculis justo.', 603.28, 'SNACK', 1001);
insert into food (food_id, name, description, price, food_type, menu_id) values (1295, 'Helenium autumnale L. var. autumnale', 'Vivamus metus arcu, adipiscing molestie, hendrerit at, vulputate vitae, nisl.', 36.22, 'BREAKFAST', 1032);
insert into food (food_id, name, description, price, food_type, menu_id) values (1296, 'Carex cherokeensis Schwein.', 'Nulla neque libero, convallis eget, eleifend luctus, ultricies eu, nibh. Quisque id justo sit amet sapien dignissim vestibulum.', 738.52, 'WINE', 1069);
insert into food (food_id, name, description, price, food_type, menu_id) values (1297, 'Prunus pumila L. var. besseyi (L.H. Bailey) Gleason', 'Vivamus vestibulum sagittis sapien.', 361.55, 'MAIN_DISH', 1069);
insert into food (food_id, name, description, price, food_type, menu_id) values (1298, 'Lecidea umbonata (Hepp) Mudd', 'Vestibulum ante ipsum primis in faucibus orci luctus et ultrices posuere cubilia Curae; Donec pharetra, magna vestibulum aliquet ultrices, erat tortor sollicitudin mi, sit amet lobortis sapien sapien non mi. Integer ac neque.', 476.26, 'ALCOHOL', 1032);
insert into food (food_id, name, description, price, food_type, menu_id) values (1299, 'Sphenopholis pensylvanica (L.) Hitchc.', 'Ut at dolor quis odio consequat varius. Integer ac leo.', 257.73, 'BEER', 1097);
insert into food (food_id, name, description, price, food_type, menu_id) values (1300, 'Ageratina aromatica (L.) Spach var. incisa (A. Gray) C.F. Reed', 'Morbi vestibulum, velit id pretium iaculis, diam erat fermentum justo, nec condimentum neque sapien placerat ante.', 322.19, 'COOKIE', 1116);
insert into food (food_id, name, description, price, food_type, menu_id) values (1301, 'Ficus sycomorus L.', 'Mauris ullamcorper purus sit amet nulla.', 205.66, 'APPETIZER', 1065);
insert into food (food_id, name, description, price, food_type, menu_id) values (1302, 'Woodwardia virginica (L.) Sm.', 'Morbi quis tortor id nulla ultrices aliquet.', 792.54, 'ALCOHOL', 1127);
insert into food (food_id, name, description, price, food_type, menu_id) values (1303, 'Carex lupulina Muhl. ex Willd.', 'Vestibulum rutrum rutrum neque. Aenean auctor gravida sem.', 876.4, 'WINE', 1087);
insert into food (food_id, name, description, price, food_type, menu_id) values (1304, 'Lecanora intumescens (Rebent.) Rabenh.', 'Nulla nisl. Nunc nisl.', 17.23, 'ALCOHOL', 1069);
insert into food (food_id, name, description, price, food_type, menu_id) values (1305, 'Horkelia fusca Lindl. ssp. filicoides (Crum) D.D. Keck', 'Maecenas pulvinar lobortis est. Phasellus sit amet erat.', 355.4, 'ALCOHOL', 1001);
insert into food (food_id, name, description, price, food_type, menu_id) values (1306, 'Kalanchoe pinnata (Lam.) Pers.', 'Praesent id massa id nisl venenatis lacinia. Aenean sit amet justo.', 516.92, 'SNACK', 1105);
insert into food (food_id, name, description, price, food_type, menu_id) values (1307, 'Castilleja integra A. Gray', 'Morbi non lectus.', 413.13, 'BEER', 1116);
insert into food (food_id, name, description, price, food_type, menu_id) values (1308, 'Bidens campylotheca Sch. Bip.', 'Vestibulum ante ipsum primis in faucibus orci luctus et ultrices posuere cubilia Curae; Nulla dapibus dolor vel est. Donec odio justo, sollicitudin ut, suscipit a, feugiat et, eros.', 131.83, 'BEER', 1009);
insert into food (food_id, name, description, price, food_type, menu_id) values (1309, 'Woodsia obtusa (Spreng.) Torr. ssp. obtusa', 'Duis aliquam convallis nunc. Proin at turpis a pede posuere nonummy.', 200.11, 'ROLL', 1032);
insert into food (food_id, name, description, price, food_type, menu_id) values (1310, 'Frangula betulifolia (Greene) V. Grub.', 'Donec semper sapien a libero. Nam dui.', 763.38, 'BREAD', 1040);
insert into food (food_id, name, description, price, food_type, menu_id) values (1311, 'Senecio integerrimus Nutt. var. exaltatus (Nutt.) Cronquist', 'In hac habitasse platea dictumst.', 881.94, 'APPETIZER', 1069);
insert into food (food_id, name, description, price, food_type, menu_id) values (1312, 'Arctostaphylos patula Greene', 'Aliquam augue quam, sollicitudin vitae, consectetuer eget, rutrum at, lorem.', 805.37, 'WINE', 1130);
insert into food (food_id, name, description, price, food_type, menu_id) values (1313, 'Pyrola asarifolia Michx. ssp. bracteata (Hook.) Haber', 'Praesent blandit. Nam nulla.', 597.35, 'COOKIE', 1040);
insert into food (food_id, name, description, price, food_type, menu_id) values (1314, 'Iris lutescens Lam. [excluded]', 'Phasellus id sapien in sapien iaculis congue.', 290.91, 'WINE', 1105);
insert into food (food_id, name, description, price, food_type, menu_id) values (1315, 'Sanvitalia abertii A. Gray', 'In blandit ultrices enim. Lorem ipsum dolor sit amet, consectetuer adipiscing elit.', 131.68, 'ALCOHOL', 1007);
insert into food (food_id, name, description, price, food_type, menu_id) values (1316, 'Dudleya saxosa (M.E. Jones) Britton & Rose', 'Donec ut dolor.', 491.87, 'WINE', 1130);
insert into food (food_id, name, description, price, food_type, menu_id) values (1317, 'Nolina greenei S. Watson ex Trel.', 'Duis mattis egestas metus. Aenean fermentum.', 725.39, 'WINE', 1069);
insert into food (food_id, name, description, price, food_type, menu_id) values (1318, 'Carex elynoides T. Holm', 'Morbi porttitor lorem id ligula.', 394.74, 'DESSERT', 1086);
insert into food (food_id, name, description, price, food_type, menu_id) values (1319, 'Carpinus betulus L.', 'Nulla suscipit ligula in lacus.', 195.94, 'APPETIZER', 1065);
insert into food (food_id, name, description, price, food_type, menu_id) values (1320, 'Labordia triflora Hillebr.', 'Duis mattis egestas metus.', 448.91, 'WINE', 1064);
insert into food (food_id, name, description, price, food_type, menu_id) values (1321, 'Carex viridistellata Derieg, Reznicek, & Bruederle', 'Nunc nisl.', 656.06, 'MAIN_DISH', 1007);
insert into food (food_id, name, description, price, food_type, menu_id) values (1322, 'Physalis virginiana Mill. var. campaniforma Waterf.', 'Fusce lacus purus, aliquet at, feugiat non, pretium quis, lectus.', 397.58, 'SOUP', 1011);
insert into food (food_id, name, description, price, food_type, menu_id) values (1323, 'Crataegus fulleriana Sarg.', 'Cum sociis natoque penatibus et magnis dis parturient montes, nascetur ridiculus mus.', 849.24, 'MAIN_DISH', 1087);
insert into food (food_id, name, description, price, food_type, menu_id) values (1324, 'Carissa L.', 'Suspendisse accumsan tortor quis turpis.', 414.94, 'ALCOHOL', 1130);
insert into food (food_id, name, description, price, food_type, menu_id) values (1325, 'Leptochloa dubia (Kunth) Nees', 'Cras non velit nec nisi vulputate nonummy.', 490.41, 'TEA', 1086);
insert into food (food_id, name, description, price, food_type, menu_id) values (1326, 'Dicerandra frutescens Shinners ssp. frutescens', 'In sagittis dui vel nisl. Duis ac nibh.', 744.68, 'TEA', 1140);
insert into food (food_id, name, description, price, food_type, menu_id) values (1327, 'Ilex crenata Thunb.', 'Phasellus id sapien in sapien iaculis congue. Vivamus metus arcu, adipiscing molestie, hendrerit at, vulputate vitae, nisl.', 96.13, 'ALCOHOL', 1140);
insert into food (food_id, name, description, price, food_type, menu_id) values (1328, 'Antirrhinum bellidifolium (L.) Willd.', 'Mauris enim leo, rhoncus sed, vestibulum sit amet, cursus id, turpis.', 970.59, 'MAIN_DISH', 1032);
insert into food (food_id, name, description, price, food_type, menu_id) values (1329, 'Malvastrum A. Gray', 'Mauris lacinia sapien quis libero. Nullam sit amet turpis elementum ligula vehicula consequat.', 416.73, 'COFFEE', 1107);
insert into food (food_id, name, description, price, food_type, menu_id) values (1330, 'Arctostaphylos uva-ursi (L.) Spreng.', 'Integer ac leo.', 91.99, 'MAIN_DISH', 1097);
insert into food (food_id, name, description, price, food_type, menu_id) values (1331, 'Cleomella parviflora A. Gray', 'Fusce consequat.', 652.91, 'BREAD', 1097);
insert into food (food_id, name, description, price, food_type, menu_id) values (1332, 'Sloanea berteriana Choisy ex DC.', 'Morbi non lectus.', 27.32, 'MAIN_DISH', 1007);
insert into food (food_id, name, description, price, food_type, menu_id) values (1333, 'Copaifera officinalis (Jacq.) L.', 'Nunc rhoncus dui vel sem.', 335.61, 'DESSERT', 1001);
insert into food (food_id, name, description, price, food_type, menu_id) values (1334, 'Baptisia lanceolata (Walter) Elliott var. lanceolata', 'In hac habitasse platea dictumst. Maecenas ut massa quis augue luctus tincidunt.', 241.52, 'ALCOHOL', 1065);
insert into food (food_id, name, description, price, food_type, menu_id) values (1335, 'Atriplex argentea Nutt. ssp. argentea var. argentea', 'Nam nulla.', 520.91, 'DESSERT', 1100);
insert into food (food_id, name, description, price, food_type, menu_id) values (1336, 'Eucladium verticillatum (Brid.) Bruch & Schimp.', 'Quisque porta volutpat erat.', 13.39, 'ROLL', 1097);
insert into food (food_id, name, description, price, food_type, menu_id) values (1337, 'Zigadenus elegans Pursh', 'Mauris ullamcorper purus sit amet nulla. Quisque arcu libero, rutrum ac, lobortis vel, dapibus at, diam.', 86.2, 'DESSERT', 1011);
insert into food (food_id, name, description, price, food_type, menu_id) values (1338, 'Rinodina mucronatula H. Magn.', 'Nam dui.', 114.93, 'BREAD', 1130);
insert into food (food_id, name, description, price, food_type, menu_id) values (1339, 'Phyllodoce aleutica (Spreng.) A. Heller', 'Cum sociis natoque penatibus et magnis dis parturient montes, nascetur ridiculus mus. Vivamus vestibulum sagittis sapien.', 870.75, 'BREAD', 1116);
insert into food (food_id, name, description, price, food_type, menu_id) values (1340, 'Croton eluteria (L.) Sw.', 'Duis bibendum. Morbi non quam nec dui luctus rutrum.', 331.78, 'TEA', 1032);
insert into food (food_id, name, description, price, food_type, menu_id) values (1341, 'Mimulus whitneyi A. Gray', 'Maecenas rhoncus aliquam lacus.', 300.76, 'WINE', 1097);
insert into food (food_id, name, description, price, food_type, menu_id) values (1342, 'Mimulus whitneyi A. Gray', 'Nam nulla. Integer pede justo, lacinia eget, tincidunt eget, tempus vel, pede.', 206.15, 'ROLL', 1130);
insert into food (food_id, name, description, price, food_type, menu_id) values (1343, 'Psilostrophe tagetina (Nutt.) Greene', 'Suspendisse potenti. In eleifend quam a odio.', 55.63, 'COFFEE', 1107);
insert into food (food_id, name, description, price, food_type, menu_id) values (1344, 'Collinsia violacea Nutt.', 'Cras in purus eu magna vulputate luctus.', 405.84, 'ALCOHOL', 1087);
insert into food (food_id, name, description, price, food_type, menu_id) values (1345, 'Chamaebatiaria millefolium (Torr.) Maxim.', 'Praesent lectus.', 451.28, 'DESSERT', 1011);
insert into food (food_id, name, description, price, food_type, menu_id) values (1346, 'Rudbeckia auriculata (Perdue) Kral', 'Duis mattis egestas metus. Aenean fermentum.', 550.11, 'COOKIE', 1100);
insert into food (food_id, name, description, price, food_type, menu_id) values (1347, 'Streptocarpus ×hybridus Voss', 'Duis mattis egestas metus. Aenean fermentum.', 317.99, 'COOKIE', 1140);
insert into food (food_id, name, description, price, food_type, menu_id) values (1348, 'Eriastrum hooveri (Jeps.) H. Mason', 'Nunc nisl. Duis bibendum, felis sed interdum venenatis, turpis enim blandit mi, in porttitor pede justo eu massa.', 25.2, 'DESSERT', 1069);
insert into food (food_id, name, description, price, food_type, menu_id) values (1349, 'Liatris gholsonii L.C. Anderson', 'In hac habitasse platea dictumst.', 677.29, 'COFFEE', 1140);
insert into food (food_id, name, description, price, food_type, menu_id) values (1350, 'Toninia ruginosa (Tuck.) Herre', 'Ut tellus. Nulla ut erat id mauris vulputate elementum.', 330.66, 'MAIN_DISH', 1140);
insert into food (food_id, name, description, price, food_type, menu_id) values (1351, 'Orthotrichum pellucidum Lindb.', 'Vivamus tortor. Duis mattis egestas metus.', 831.6, 'ROLL', 1040);
insert into food (food_id, name, description, price, food_type, menu_id) values (1352, 'Entosthodon kochii H.A. Crum & L.E. Anderson', 'Duis ac nibh. Fusce lacus purus, aliquet at, feugiat non, pretium quis, lectus.', 578.13, 'BREAD', 1065);
insert into food (food_id, name, description, price, food_type, menu_id) values (1353, 'Hexastylis arifolia (Michx.) Small var. callifolia (Small) Blomquist', 'In blandit ultrices enim. Lorem ipsum dolor sit amet, consectetuer adipiscing elit.', 727.86, 'SOUP', 1087);
insert into food (food_id, name, description, price, food_type, menu_id) values (1354, 'Ranunculus uncinatus D. Don ex G. Don var. parviflorus (Torr.) L.D. Benson', 'Praesent blandit lacinia erat. Vestibulum sed magna at nunc commodo placerat.', 290.85, 'BREAKFAST', 1116);
insert into food (food_id, name, description, price, food_type, menu_id) values (1355, 'Lupinus leucophyllus Douglas ex Lindl. ssp. leucophyllus var. belliae C.P. Sm.', 'Aliquam augue quam, sollicitudin vitae, consectetuer eget, rutrum at, lorem.', 565.88, 'BEER', 1001);
insert into food (food_id, name, description, price, food_type, menu_id) values (1356, 'Erigeron concinnus (Hook. & Arn.) Torr. & A. Gray', 'Donec odio justo, sollicitudin ut, suscipit a, feugiat et, eros.', 106.74, 'MAIN_DISH', 1032);
insert into food (food_id, name, description, price, food_type, menu_id) values (1357, 'Ludwigia grandiflora (Michx.) Greuter & Burdet ssp. hexapetala (Hook. & Arn.) G.L. Nesom & Kartesz', 'Cum sociis natoque penatibus et magnis dis parturient montes, nascetur ridiculus mus.', 540.36, 'ALCOHOL', 1116);
insert into food (food_id, name, description, price, food_type, menu_id) values (1358, 'Rorippa palustris (L.) Besser ssp. hispida (Desv.) Jonsell', 'Proin eu mi. Nulla ac enim.', 387.32, 'SOUP', 1105);
insert into food (food_id, name, description, price, food_type, menu_id) values (1359, 'Juncus gerardii Loisel. var. pedicellatus Fernald', 'In quis justo. Maecenas rhoncus aliquam lacus.', 307.63, 'APPETIZER', 1069);
insert into food (food_id, name, description, price, food_type, menu_id) values (1360, 'Chamaerhodos erecta (L.) Bunge', 'Nulla nisl.', 297.66, 'SNACK', 1086);
insert into food (food_id, name, description, price, food_type, menu_id) values (1361, 'Racomitrium muticum (Kindb.) Frisvoll', 'Lorem ipsum dolor sit amet, consectetuer adipiscing elit. Proin risus.', 304.56, 'BREAD', 1086);
insert into food (food_id, name, description, price, food_type, menu_id) values (1362, 'Phacelia ramosissima Douglas ex Lehm. var. montereyensis Munz', 'Sed ante.', 747.22, 'COFFEE', 1009);
insert into food (food_id, name, description, price, food_type, menu_id) values (1363, 'Cynanchum racemosum (Jacq.) Jacq.', 'Sed accumsan felis.', 193.63, 'ROLL', 1107);
insert into food (food_id, name, description, price, food_type, menu_id) values (1364, 'Poa cusickii Vasey ssp. cusickii', 'Cras non velit nec nisi vulputate nonummy. Maecenas tincidunt lacus at velit.', 808.73, 'DRINK', 1040);
insert into food (food_id, name, description, price, food_type, menu_id) values (1365, 'Cyrtandra ×rockii H. St. John & Storey (pro sp.)', 'Lorem ipsum dolor sit amet, consectetuer adipiscing elit.', 532.68, 'WINE', 1116);
insert into food (food_id, name, description, price, food_type, menu_id) values (1366, 'Foeniculum vulgare Mill.', 'Maecenas tincidunt lacus at velit. Vivamus vel nulla eget eros elementum pellentesque.', 334.39, 'DESSERT', 1087);
insert into food (food_id, name, description, price, food_type, menu_id) values (1367, 'Rosa nutkana C. Presl var. setosa G.N. Jones', 'In quis justo. Maecenas rhoncus aliquam lacus.', 730.64, 'SNACK', 1065);
insert into food (food_id, name, description, price, food_type, menu_id) values (1368, 'Triteleiopsis palmeri (S. Watson) Hoover', 'In blandit ultrices enim.', 758.71, 'MAIN_DISH', 1001);
insert into food (food_id, name, description, price, food_type, menu_id) values (1369, 'Desmodium sessilifolium (Torr.) Torr. & A. Gray', 'Vestibulum sed magna at nunc commodo placerat. Praesent blandit.', 542.18, 'DRINK', 1069);
insert into food (food_id, name, description, price, food_type, menu_id) values (1370, 'Ligusticum verticillatum (Hook.) J.M. Coult. & Rose ex Rose', 'Donec dapibus. Duis at velit eu est congue elementum.', 49.31, 'ROLL', 1069);
insert into food (food_id, name, description, price, food_type, menu_id) values (1371, 'Lecidea fuscatoatra Nyl.', 'Donec diam neque, vestibulum eget, vulputate ut, ultrices vel, augue. Vestibulum ante ipsum primis in faucibus orci luctus et ultrices posuere cubilia Curae; Donec pharetra, magna vestibulum aliquet ultrices, erat tortor sollicitudin mi, sit amet lobortis sapien sapien non mi.', 765.48, 'SOUP', 1100);
insert into food (food_id, name, description, price, food_type, menu_id) values (1372, 'Rhizocarpon atroflavescens Lynge', 'Aliquam non mauris.', 511.06, 'BEER', 1009);
insert into food (food_id, name, description, price, food_type, menu_id) values (1373, 'Cladonia transcendens (Vain.) Vain.', 'Vivamus vestibulum sagittis sapien.', 261.04, 'DESSERT', 1009);
insert into food (food_id, name, description, price, food_type, menu_id) values (1374, 'Cinnamomum burmannii (Nees & Th. Nees) Nees ex Blume', 'Donec dapibus. Duis at velit eu est congue elementum.', 881.09, 'WINE', 1001);
insert into food (food_id, name, description, price, food_type, menu_id) values (1375, 'Cerastium glomeratum Thuill.', 'Mauris sit amet eros. Suspendisse accumsan tortor quis turpis.', 819.32, 'SOUP', 1011);
insert into food (food_id, name, description, price, food_type, menu_id) values (1376, 'Linum rupestre (A. Gray) Engelm. ex A. Gray', 'Donec vitae nisi. Nam ultrices, libero non mattis pulvinar, nulla pede ullamcorper augue, a suscipit nulla elit ac nulla.', 952.65, 'BREAD', 1001);
insert into food (food_id, name, description, price, food_type, menu_id) values (1377, 'Antennaria densifolia A.E. Porsild', 'Pellentesque at nulla. Suspendisse potenti.', 879.08, 'COOKIE', 1097);
insert into food (food_id, name, description, price, food_type, menu_id) values (1378, 'Asplenium ocoense C. Chr.', 'Fusce posuere felis sed lacus. Morbi sem mauris, laoreet ut, rhoncus aliquet, pulvinar sed, nisl.', 859.07, 'COFFEE', 1011);
insert into food (food_id, name, description, price, food_type, menu_id) values (1379, 'Gutierrezia californica (DC.) Torr. & A. Gray', 'Praesent blandit. Nam nulla.', 515.8, 'BEER', 1100);
insert into food (food_id, name, description, price, food_type, menu_id) values (1380, 'Rumex acetosa L. ssp. alpestris (Jacq.) Á. Löve', 'Maecenas leo odio, condimentum id, luctus nec, molestie sed, justo. Pellentesque viverra pede ac diam.', 60.05, 'SOUP', 1009);
insert into food (food_id, name, description, price, food_type, menu_id) values (1381, 'Fissidens pellucidus Hornsch.', 'Integer tincidunt ante vel ipsum. Praesent blandit lacinia erat.', 526.1, 'BEER', 1009);
insert into food (food_id, name, description, price, food_type, menu_id) values (1382, 'Euopsis pulvinata (Schaerer) Vain.', 'Suspendisse accumsan tortor quis turpis.', 544.94, 'APPETIZER', 1140);
insert into food (food_id, name, description, price, food_type, menu_id) values (1383, 'Rachicallis americana (Jacq.) Kuntze', 'Vivamus metus arcu, adipiscing molestie, hendrerit at, vulputate vitae, nisl. Aenean lectus.', 584.11, 'COOKIE', 1001);
insert into food (food_id, name, description, price, food_type, menu_id) values (1384, 'Lophosoria quadripinnata (J.F. Gmel.) C. Chr.', 'Quisque erat eros, viverra eget, congue eget, semper rutrum, nulla.', 529.22, 'WINE', 1065);
insert into food (food_id, name, description, price, food_type, menu_id) values (1385, 'Ctenitis honolulensis (Hook.) Copeland', 'Proin eu mi.', 523.81, 'BREAD', 1140);
insert into food (food_id, name, description, price, food_type, menu_id) values (1386, 'Berchemia Neck. ex DC.', 'Integer ac neque. Duis bibendum.', 59.77, 'BEER', 1097);
insert into food (food_id, name, description, price, food_type, menu_id) values (1387, 'Astragalus desperatus M.E. Jones var. conspectus Barneby', 'Proin eu mi.', 471.8, 'ALCOHOL', 1069);
insert into food (food_id, name, description, price, food_type, menu_id) values (1388, 'Euphrasia randii B.L. Rob.', 'Nam congue, risus semper porta volutpat, quam pede lobortis ligula, sit amet eleifend pede libero quis orci.', 289.76, 'WINE', 1105);
insert into food (food_id, name, description, price, food_type, menu_id) values (1389, 'Solanum mauritianum Scop.', 'Duis consequat dui nec nisi volutpat eleifend. Donec ut dolor.', 926.14, 'DESSERT', 1001);
insert into food (food_id, name, description, price, food_type, menu_id) values (1390, 'Ludwigia spathulata Torr. & A. Gray', 'Quisque erat eros, viverra eget, congue eget, semper rutrum, nulla.', 679.04, 'BREAKFAST', 1116);
insert into food (food_id, name, description, price, food_type, menu_id) values (1391, 'Hecistopteris J. Sm.', 'Donec dapibus. Duis at velit eu est congue elementum.', 210.61, 'BEER', 1087);
insert into food (food_id, name, description, price, food_type, menu_id) values (1392, 'Desmodium grahamii A. Gray', 'Morbi odio odio, elementum eu, interdum eu, tincidunt in, leo. Maecenas pulvinar lobortis est.', 361.47, 'TEA', 1032);
insert into food (food_id, name, description, price, food_type, menu_id) values (1393, 'Evolvulus sericeus Sw.', 'Nunc rhoncus dui vel sem.', 229.31, 'SNACK', 1116);
insert into food (food_id, name, description, price, food_type, menu_id) values (1394, 'Cleome lutea Hook.', 'Nulla facilisi.', 435.44, 'APPETIZER', 1011);
insert into food (food_id, name, description, price, food_type, menu_id) values (1395, 'Poa ×gaspensis Fernald (pro sp.)', 'Nulla ac enim. In tempor, turpis nec euismod scelerisque, quam turpis adipiscing lorem, vitae mattis nibh ligula nec sem.', 677.78, 'SOUP', 1097);
insert into food (food_id, name, description, price, food_type, menu_id) values (1396, 'Lythrum maritimum Kunth', 'Nunc nisl.', 597.59, 'APPETIZER', 1007);
insert into food (food_id, name, description, price, food_type, menu_id) values (1397, 'Eriogonum leptophyllum (Torr. & A. Gray) Wooton & Standl.', 'Donec ut dolor. Morbi vel lectus in quam fringilla rhoncus.', 445.51, 'WINE', 1107);
insert into food (food_id, name, description, price, food_type, menu_id) values (1398, 'Cyanea grimesiana Gaudich.', 'In est risus, auctor sed, tristique in, tempus sit amet, sem.', 745.98, 'COOKIE', 1137);
insert into food (food_id, name, description, price, food_type, menu_id) values (1399, 'Microseris laciniata (Hook.) Sch. Bip. ssp. laciniata', 'Etiam pretium iaculis justo.', 262.23, 'BREAKFAST', 1011);
insert into food (food_id, name, description, price, food_type, menu_id) values (1400, 'Polygonum patulum M. Bieb.', 'In sagittis dui vel nisl. Duis ac nibh.', 372.25, 'DRINK', 1064);

