-- menu
insert into menu (menu_id, name, description) values (1001, 'Shepard', 'CitraNatal DHA');
insert into menu (menu_id, name, description) values (1002, 'Hestia', 'Famotidine - Acid Controller');
insert into menu (menu_id, name, description) values (1003, 'Linette', 'CEFTRIAXONE');
insert into menu (menu_id, name, description) values (1004, 'Drud', 'ProBlen DNA RNA Rejuvenation');
insert into menu (menu_id, name, description) values (1005, 'Celka', 'SaniSuds E-2 Foam Sanitizing Hand');
insert into menu (menu_id, name, description) values (1006, 'Rosanne', 'Constitutional Enhancer');
insert into menu (menu_id, name, description) values (1007, 'Marcelle', 'Clear Eyes Maximum Itchy Eye Relief');
insert into menu (menu_id, name, description) values (1008, 'Sherill', 'Precose');
insert into menu (menu_id, name, description) values (1009, 'Bevan', 'Hydrochlorothiazide');
insert into menu (menu_id, name, description) values (1010, 'Standford', 'Metoprolol Tartrate and Hydrochlorothiazide');
insert into menu (menu_id, name, description) values (1011, 'Alayne', 'Simvastatin');
insert into menu (menu_id, name, description) values (1012, 'Rosemaria', 'Bubble Gum Sunscreen Lip Moisturizer');
insert into menu (menu_id, name, description) values (1013, 'Barbara-anne', 'Omeprazole');
insert into menu (menu_id, name, description) values (1014, 'Lilias', 'Oxymorphone Hydrochloride');
insert into menu (menu_id, name, description) values (1015, 'Tally', 'miconazole 7');
insert into menu (menu_id, name, description) values (1016, 'Bobbie', 'Vanilla');
insert into menu (menu_id, name, description) values (1017, 'Helga', 'Oxaprozin');
insert into menu (menu_id, name, description) values (1018, 'Cecilia', 'ARNICA MONTANA (Whole Plant)');
insert into menu (menu_id, name, description) values (1019, 'Adams', 'ProCoMycin');
insert into menu (menu_id, name, description) values (1020, 'Rhys', 'NATURCOKSINUM');

-- restaurants
ALTER TABLE restaurant ALTER COLUMN name TYPE VARCHAR(128);
insert into restaurant (restaurant_id, name, description, type, menu_id, owner_id) values (1001, 'Organon USA Inc.', 'eleifend donec ut dolor morbi vel lectus in', 'BAR', 1001, 1001);
insert into restaurant (restaurant_id, name, description, type, menu_id, owner_id) values (1002, 'Mylan Pharmaceuticals Inc.', 'habitasse platea dictumst aliquam augue quam sollicitudin vitae consectetuer eget rutrum', 'COFFEE_HOUSE', 1002, 1001);
insert into restaurant (restaurant_id, name, description, type, menu_id, owner_id) values (1003, 'Caraco Pharmaceutical Laboratories, Ltd.', 'vel pede morbi porttitor lorem id ligula suspendisse ornare consequat', 'ORIENTAL', 1003, 1001);
insert into restaurant (restaurant_id, name, description, type, menu_id, owner_id) values (1004, 'Alvogen Inc.', 'morbi ut odio cras mi pede malesuada in imperdiet et', 'DRINK_SHOP', 1004, 1001);
insert into restaurant (restaurant_id, name, description, type, menu_id, owner_id) values (1005, 'Northstar Rx LLC', 'auctor gravida sem praesent id massa id nisl venenatis lacinia aenean', 'BAR', 1005, 1001);
insert into restaurant (restaurant_id, name, description, type, menu_id, owner_id) values (1006, 'Pack Pharmaceuticals, LLC', 'phasellus in felis donec semper sapien a libero nam', 'ORIENTAL', 1006, 1001);
insert into restaurant (restaurant_id, name, description, type, menu_id, owner_id) values (1007, 'Qualitest Pharmaceuticals', 'non pretium quis lectus suspendisse potenti in eleifend quam a', 'BAKERY', 1007, 1001);
insert into restaurant (restaurant_id, name, description, type, menu_id, owner_id) values (1008, 'Mylan Institutional Inc.', 'enim leo rhoncus sed vestibulum sit amet cursus id turpis', 'RESTAURANT', 1008, 1001);
insert into restaurant (restaurant_id, name, description, type, menu_id, owner_id) values (1009, 'Physicians Total Care, Inc.', 'enim sit amet nunc viverra dapibus nulla suscipit', 'BAKERY', 1009, 1001);
insert into restaurant (restaurant_id, name, description, type, menu_id, owner_id) values (1010, 'Amgen Inc', 'tincidunt in leo maecenas pulvinar lobortis est phasellus sit amet', 'RESTAURANT', 1010, 1001);
insert into restaurant (restaurant_id, name, description, type, menu_id, owner_id) values (1011, 'Walgreen Company', 'velit nec nisi vulputate nonummy maecenas tincidunt lacus at', 'BAKERY', 1011, 1001);
insert into restaurant (restaurant_id, name, description, type, menu_id, owner_id) values (1012, 'Med-Health Pharma, LLC', 'enim sit amet nunc viverra dapibus nulla suscipit ligula', 'BAR', 1012, 1001);
insert into restaurant (restaurant_id, name, description, type, menu_id, owner_id) values (1013, 'Certus Medical, Inc.', 'quis tortor id nulla ultrices aliquet maecenas leo odio condimentum id', 'BAKERY', 1013, 1001);
insert into restaurant (restaurant_id, name, description, type, menu_id, owner_id) values (1014, 'McKesson', 'etiam vel augue vestibulum rutrum rutrum neque aenean auctor gravida sem praesent', 'RESTAURANT', 1014, 1001);
insert into restaurant (restaurant_id, name, description, type, menu_id, owner_id) values (1015, 'Kmart Corporation', 'aliquam erat volutpat in congue etiam justo etiam', 'ORIENTAL', 1015, 1001);
insert into restaurant (restaurant_id, name, description, type, menu_id, owner_id) values (1016, 'Newton Laboratories, Inc.', 'scelerisque quam turpis adipiscing lorem vitae mattis nibh ligula nec sem', 'BAR', 1016, 1001);
insert into restaurant (restaurant_id, name, description, type, menu_id, owner_id) values (1017, 'Xiamen Olivee Daily Use Chemical Co., Ltd.', 'cubilia curae nulla dapibus dolor vel est donec odio justo sollicitudin ut', 'BAR', 1017, 1001);
insert into restaurant (restaurant_id, name, description, type, menu_id, owner_id) values (1018, 'REMEDYREPACK INC.', 'non velit nec nisi vulputate nonummy maecenas tincidunt lacus at', 'BAKERY', 1018, 1001);
insert into restaurant (restaurant_id, name, description, type, menu_id, owner_id) values (1019, 'Nelco Laboratories, Inc.', 'magna bibendum imperdiet nullam orci pede venenatis non sodales sed', 'COFFEE_HOUSE', 1019, 1001);
insert into restaurant (restaurant_id, name, description, type, menu_id, owner_id) values (1020, 'Major Pharmaceuticals', 'vestibulum vestibulum ante ipsum primis in faucibus orci luctus et ultrices', 'BAR', 1020, 1001);

insert into delivery_address (delivery_address_id, city, street, postal_code, restaurant_id) values (1001, 'Slovenski Javornik', 'Village', '31-863', 1018);
insert into delivery_address (delivery_address_id, city, street, postal_code, restaurant_id) values (1002, 'Fujiayan', 'Homewood', '85-635', 1019);
insert into delivery_address (delivery_address_id, city, street, postal_code, restaurant_id) values (1003, 'Sabanagrande', 'Golden Leaf', '23-543', 1012);
insert into delivery_address (delivery_address_id, city, street, postal_code, restaurant_id) values (1004, 'St. Anton an der Jeßnitz', 'Bunker Hill', '95-775', 1015);
insert into delivery_address (delivery_address_id, city, street, postal_code, restaurant_id) values (1005, 'Vranisht', 'Jackson', '610-772', 1015);
insert into delivery_address (delivery_address_id, city, street, postal_code, restaurant_id) values (1006, 'Dalu', 'Pepper Wood', '56-664', 1003);
insert into delivery_address (delivery_address_id, city, street, postal_code, restaurant_id) values (1007, 'Qal‘at Bīshah', 'Eastwood', '32-343', 1010);
insert into delivery_address (delivery_address_id, city, street, postal_code, restaurant_id) values (1008, 'Yeri', 'Calypso', '94-493', 1002);
insert into delivery_address (delivery_address_id, city, street, postal_code, restaurant_id) values (1009, 'Surkh Bilandī', 'Moland', '56-963', 1010);
insert into delivery_address (delivery_address_id, city, street, postal_code, restaurant_id) values (1010, 'Tišina', 'Di Loreto', '78-989', 1002);
insert into delivery_address (delivery_address_id, city, street, postal_code, restaurant_id) values (1011, 'Kozhva', 'Rockefeller', '58-252', 1012);
insert into delivery_address (delivery_address_id, city, street, postal_code, restaurant_id) values (1012, 'Adar', 'Algoma', '85-245', 1020);
insert into delivery_address (delivery_address_id, city, street, postal_code, restaurant_id) values (1013, 'Belyy Gorodok', 'Lerdahl', '57-268', 1007);
insert into delivery_address (delivery_address_id, city, street, postal_code, restaurant_id) values (1014, 'Tawali', 'Golf View', '57-546', 1015);
insert into delivery_address (delivery_address_id, city, street, postal_code, restaurant_id) values (1015, 'Ilesa', 'Spenser', '67-327', 1012);
insert into delivery_address (delivery_address_id, city, street, postal_code, restaurant_id) values (1016, 'Bulongji', 'Cody', '77-457', 1017);
insert into delivery_address (delivery_address_id, city, street, postal_code, restaurant_id) values (1017, 'Yubilyeyny', 'Loftsgordon', '710-865', 1014);
insert into delivery_address (delivery_address_id, city, street, postal_code, restaurant_id) values (1018, 'Mahajanga', 'Ludington', '97-444', 1003);
insert into delivery_address (delivery_address_id, city, street, postal_code, restaurant_id) values (1019, 'Cruz Alta', 'Mitchell', '94-529', 1010);
insert into delivery_address (delivery_address_id, city, street, postal_code, restaurant_id) values (1020, 'Lugulu', 'Stephen', '98-866', 1018);
insert into delivery_address (delivery_address_id, city, street, postal_code, restaurant_id) values (1021, 'Chōfugaoka', 'Kingsford', '81-856', 1010);
insert into delivery_address (delivery_address_id, city, street, postal_code, restaurant_id) values (1022, 'Fresnes', 'Express', '28-422', 1008);
insert into delivery_address (delivery_address_id, city, street, postal_code, restaurant_id) values (1023, 'Tange Zhen', 'Truax', '23-466', 1012);
insert into delivery_address (delivery_address_id, city, street, postal_code, restaurant_id) values (1024, 'Xuanzhou', 'Prairieview', '310-676', 1015);
insert into delivery_address (delivery_address_id, city, street, postal_code, restaurant_id) values (1025, 'Lenīnskīy', 'Vera', '86-826', 1014);
insert into delivery_address (delivery_address_id, city, street, postal_code, restaurant_id) values (1026, 'Magburaka', 'Shelley', '31-288', 1012);
insert into delivery_address (delivery_address_id, city, street, postal_code, restaurant_id) values (1027, 'Ciketak', 'Division', '810-766', 1004);
insert into delivery_address (delivery_address_id, city, street, postal_code, restaurant_id) values (1028, 'Baguio', 'Florence', '97-657', 1017);
insert into delivery_address (delivery_address_id, city, street, postal_code, restaurant_id) values (1029, 'Estela', 'Thierer', '22-979', 1019);
insert into delivery_address (delivery_address_id, city, street, postal_code, restaurant_id) values (1030, 'Kajuru', 'Sutherland', '92-843', 1014);
insert into delivery_address (delivery_address_id, city, street, postal_code, restaurant_id) values (1031, 'Nariño', 'Boyd', '410-558', 1002);
insert into delivery_address (delivery_address_id, city, street, postal_code, restaurant_id) values (1032, 'Matinha', 'Spohn', '210-254', 1004);
insert into delivery_address (delivery_address_id, city, street, postal_code, restaurant_id) values (1033, 'Thai Charoen', 'Vernon', '93-263', 1003);
insert into delivery_address (delivery_address_id, city, street, postal_code, restaurant_id) values (1034, 'Carlsbad', 'Packers', '55-837', 1017);
insert into delivery_address (delivery_address_id, city, street, postal_code, restaurant_id) values (1035, 'Gaozhou', 'Tomscot', '45-694', 1007);
insert into delivery_address (delivery_address_id, city, street, postal_code, restaurant_id) values (1036, 'San Mariano', 'Eliot', '41-792', 1013);
insert into delivery_address (delivery_address_id, city, street, postal_code, restaurant_id) values (1037, 'Jiguan', 'Columbus', '41-683', 1009);
insert into delivery_address (delivery_address_id, city, street, postal_code, restaurant_id) values (1038, 'Houjiachuan', '2nd', '39-433', 1013);
insert into delivery_address (delivery_address_id, city, street, postal_code, restaurant_id) values (1039, 'Mississauga', 'Schurz', '41-983', 1013);
insert into delivery_address (delivery_address_id, city, street, postal_code, restaurant_id) values (1040, 'Rio Claro', 'Hermina', '33-477', 1011);
insert into delivery_address (delivery_address_id, city, street, postal_code, restaurant_id) values (1041, 'Meruge', 'Almo', '51-438', 1014);
insert into delivery_address (delivery_address_id, city, street, postal_code, restaurant_id) values (1042, 'Taloko', 'Victoria', '410-596', 1014);
insert into delivery_address (delivery_address_id, city, street, postal_code, restaurant_id) values (1043, 'Xinkaikou', 'Troy', '77-768', 1016);
insert into delivery_address (delivery_address_id, city, street, postal_code, restaurant_id) values (1044, 'Huillapima', 'Anzinger', '610-553', 1001);
insert into delivery_address (delivery_address_id, city, street, postal_code, restaurant_id) values (1045, 'Jahāniān Shāh', 'Macpherson', '43-669', 1013);
insert into delivery_address (delivery_address_id, city, street, postal_code, restaurant_id) values (1046, 'Baizhang', 'Hayes', '51-336', 1011);
insert into delivery_address (delivery_address_id, city, street, postal_code, restaurant_id) values (1047, 'Leonárisso', 'Montana', '33-385', 1007);
insert into delivery_address (delivery_address_id, city, street, postal_code, restaurant_id) values (1048, 'Stockholm', 'Atwood', '44-877', 1013);
insert into delivery_address (delivery_address_id, city, street, postal_code, restaurant_id) values (1049, 'Černá Hora', 'Blue Bill Park', '36-853', 1020);
insert into delivery_address (delivery_address_id, city, street, postal_code, restaurant_id) values (1050, 'New York City', 'Badeau', '59-764', 1006);
insert into delivery_address (delivery_address_id, city, street, postal_code, restaurant_id) values (1051, 'Mekarjaya Satu', 'Bartillon', '64-695', 1011);
insert into delivery_address (delivery_address_id, city, street, postal_code, restaurant_id) values (1052, 'West Kelowna', 'Blackbird', '65-595', 1008);
insert into delivery_address (delivery_address_id, city, street, postal_code, restaurant_id) values (1053, 'Paraiso', 'Helena', '82-235', 1003);
insert into delivery_address (delivery_address_id, city, street, postal_code, restaurant_id) values (1054, 'Santana do Paraíso', 'Bonner', '31-988', 1001);
insert into delivery_address (delivery_address_id, city, street, postal_code, restaurant_id) values (1055, 'Bijela', 'Novick', '37-355', 1015);
insert into delivery_address (delivery_address_id, city, street, postal_code, restaurant_id) values (1056, 'Sukoreno', 'Lillian', '49-888', 1005);
insert into delivery_address (delivery_address_id, city, street, postal_code, restaurant_id) values (1057, 'Azua', 'Glendale', '33-389', 1006);
insert into delivery_address (delivery_address_id, city, street, postal_code, restaurant_id) values (1058, 'Pandat', 'Grim', '47-844', 1019);
insert into delivery_address (delivery_address_id, city, street, postal_code, restaurant_id) values (1059, 'Anwen', 'Burrows', '41-956', 1017);
insert into delivery_address (delivery_address_id, city, street, postal_code, restaurant_id) values (1060, 'Las Flores', 'Jackson', '410-574', 1003);
insert into delivery_address (delivery_address_id, city, street, postal_code, restaurant_id) values (1061, 'Ribeira Grande', 'Novick', '89-825', 1017);
insert into delivery_address (delivery_address_id, city, street, postal_code, restaurant_id) values (1062, 'Liure', 'Mallory', '81-247', 1018);
insert into delivery_address (delivery_address_id, city, street, postal_code, restaurant_id) values (1063, 'Luoshanchuan', 'Upham', '72-686', 1005);
insert into delivery_address (delivery_address_id, city, street, postal_code, restaurant_id) values (1064, 'Dhamār', 'Oak Valley', '98-532', 1009);
insert into delivery_address (delivery_address_id, city, street, postal_code, restaurant_id) values (1065, 'Kashihara', 'Ridge Oak', '22-873', 1008);
insert into delivery_address (delivery_address_id, city, street, postal_code, restaurant_id) values (1066, 'Ciseuseupan', 'Del Mar', '56-869', 1006);
insert into delivery_address (delivery_address_id, city, street, postal_code, restaurant_id) values (1067, 'Brloh', 'Sachs', '55-346', 1002);
insert into delivery_address (delivery_address_id, city, street, postal_code, restaurant_id) values (1068, 'Beringovskiy', 'Bunker Hill', '71-743', 1005);
insert into delivery_address (delivery_address_id, city, street, postal_code, restaurant_id) values (1069, 'Navan', 'Pawling', '26-329', 1018);
insert into delivery_address (delivery_address_id, city, street, postal_code, restaurant_id) values (1070, 'Sungaikakap', '4th', '65-857', 1011);
insert into delivery_address (delivery_address_id, city, street, postal_code, restaurant_id) values (1071, 'Seleuš', 'Iowa', '84-563', 1008);
insert into delivery_address (delivery_address_id, city, street, postal_code, restaurant_id) values (1072, 'Sieroszewice', 'Weeping Birch', '57-954', 1006);
insert into delivery_address (delivery_address_id, city, street, postal_code, restaurant_id) values (1073, 'Sidrolândia', 'Fairfield', '910-753', 1020);
insert into delivery_address (delivery_address_id, city, street, postal_code, restaurant_id) values (1074, 'Birmingham', 'Iowa', '88-475', 1004);
insert into delivery_address (delivery_address_id, city, street, postal_code, restaurant_id) values (1075, 'Antanhol', 'Magdeline', '89-879', 1007);
insert into delivery_address (delivery_address_id, city, street, postal_code, restaurant_id) values (1076, 'Lamatuka', 'Heath', '28-382', 1006);
insert into delivery_address (delivery_address_id, city, street, postal_code, restaurant_id) values (1077, 'Huchang', 'American', '58-223', 1002);
insert into delivery_address (delivery_address_id, city, street, postal_code, restaurant_id) values (1078, 'Monte Santo de Minas', 'Marcy', '75-746', 1010);
insert into delivery_address (delivery_address_id, city, street, postal_code, restaurant_id) values (1079, 'Charlotte', 'Northview', '89-227', 1011);
insert into delivery_address (delivery_address_id, city, street, postal_code, restaurant_id) values (1080, 'Reforma', 'Quincy', '44-466', 1014);
insert into delivery_address (delivery_address_id, city, street, postal_code, restaurant_id) values (1081, 'Mapiripán', 'Atwood', '99-646', 1002);
insert into delivery_address (delivery_address_id, city, street, postal_code, restaurant_id) values (1082, 'Zango', 'Magdeline', '63-966', 1005);
insert into delivery_address (delivery_address_id, city, street, postal_code, restaurant_id) values (1083, 'Dao', 'Cambridge', '26-793', 1020);
insert into delivery_address (delivery_address_id, city, street, postal_code, restaurant_id) values (1084, 'Sandayong Sur', 'Hagan', '92-733', 1010);
insert into delivery_address (delivery_address_id, city, street, postal_code, restaurant_id) values (1085, 'Xinzhai', 'Banding', '52-765', 1014);
insert into delivery_address (delivery_address_id, city, street, postal_code, restaurant_id) values (1086, 'Or Yehuda', 'Lyons', '55-469', 1007);
insert into delivery_address (delivery_address_id, city, street, postal_code, restaurant_id) values (1087, 'New Agutaya', 'Mallory', '86-443', 1015);
insert into delivery_address (delivery_address_id, city, street, postal_code, restaurant_id) values (1088, 'Pryazha', '4th', '83-527', 1013);
insert into delivery_address (delivery_address_id, city, street, postal_code, restaurant_id) values (1089, 'Yanshou', 'Brentwood', '72-963', 1002);
insert into delivery_address (delivery_address_id, city, street, postal_code, restaurant_id) values (1090, 'Vicente Guerrero', 'Nancy', '52-299', 1011);
insert into delivery_address (delivery_address_id, city, street, postal_code, restaurant_id) values (1091, 'Kabac', '2nd', '23-373', 1019);
insert into delivery_address (delivery_address_id, city, street, postal_code, restaurant_id) values (1092, 'Chimbas', 'Park Meadow', '75-667', 1012);
insert into delivery_address (delivery_address_id, city, street, postal_code, restaurant_id) values (1093, 'Xue’an', 'Gina', '57-335', 1018);
insert into delivery_address (delivery_address_id, city, street, postal_code, restaurant_id) values (1094, 'Macapo', 'Lerdahl', '84-548', 1014);
insert into delivery_address (delivery_address_id, city, street, postal_code, restaurant_id) values (1095, 'Hengfan', 'Sommers', '34-527', 1010);
insert into delivery_address (delivery_address_id, city, street, postal_code, restaurant_id) values (1096, 'Paço', 'Mesta', '96-767', 1015);
insert into delivery_address (delivery_address_id, city, street, postal_code, restaurant_id) values (1097, 'Montbéliard', 'Alpine', '28-587', 1014);
insert into delivery_address (delivery_address_id, city, street, postal_code, restaurant_id) values (1098, 'Pinhal da Marquesa', 'Acker', '94-633', 1014);
insert into delivery_address (delivery_address_id, city, street, postal_code, restaurant_id) values (1099, 'Tapado', 'Grover', '36-293', 1019);
insert into delivery_address (delivery_address_id, city, street, postal_code, restaurant_id) values (1100, 'Machachi', 'Haas', '66-633', 1017);
insert into delivery_address (delivery_address_id, city, street, postal_code, restaurant_id) values (1101, 'Rio de Janeiro', 'Dunning', '87-429', 1011);
insert into delivery_address (delivery_address_id, city, street, postal_code, restaurant_id) values (1102, 'Bangad', 'Morning', '65-963', 1005);
insert into delivery_address (delivery_address_id, city, street, postal_code, restaurant_id) values (1103, 'Estribeiro', 'Clyde Gallagher', '94-547', 1011);
insert into delivery_address (delivery_address_id, city, street, postal_code, restaurant_id) values (1104, 'Jombang', 'Independence', '89-355', 1016);
insert into delivery_address (delivery_address_id, city, street, postal_code, restaurant_id) values (1105, 'Năm Căn', 'Russell', '55-822', 1005);
insert into delivery_address (delivery_address_id, city, street, postal_code, restaurant_id) values (1106, 'Boluo', 'Granby', '39-847', 1020);
insert into delivery_address (delivery_address_id, city, street, postal_code, restaurant_id) values (1107, 'Quezon', '8th', '74-375', 1004);
insert into delivery_address (delivery_address_id, city, street, postal_code, restaurant_id) values (1108, 'Alexandria', 'Fair Oaks', '49-685', 1008);
insert into delivery_address (delivery_address_id, city, street, postal_code, restaurant_id) values (1109, 'Kallithéa', 'Hooker', '87-854', 1019);
insert into delivery_address (delivery_address_id, city, street, postal_code, restaurant_id) values (1110, 'Křížová', 'Haas', '35-266', 1014);
insert into delivery_address (delivery_address_id, city, street, postal_code, restaurant_id) values (1111, 'Siqiao', 'David', '99-878', 1003);
insert into delivery_address (delivery_address_id, city, street, postal_code, restaurant_id) values (1112, 'Sinazongwe', 'Anzinger', '74-338', 1004);
insert into delivery_address (delivery_address_id, city, street, postal_code, restaurant_id) values (1113, 'Changchi', 'Laurel', '56-279', 1009);
insert into delivery_address (delivery_address_id, city, street, postal_code, restaurant_id) values (1114, 'Masons Bay', 'Tennessee', '610-937', 1007);
insert into delivery_address (delivery_address_id, city, street, postal_code, restaurant_id) values (1115, 'Pidigan', 'Drewry', '89-342', 1010);
insert into delivery_address (delivery_address_id, city, street, postal_code, restaurant_id) values (1116, 'Buga', 'Brickson Park', '22-777', 1016);
insert into delivery_address (delivery_address_id, city, street, postal_code, restaurant_id) values (1117, 'Jianxin', 'Dwight', '79-999', 1016);
insert into delivery_address (delivery_address_id, city, street, postal_code, restaurant_id) values (1118, 'Zhoinda', 'Marcy', '27-344', 1013);
insert into delivery_address (delivery_address_id, city, street, postal_code, restaurant_id) values (1119, 'Kaynardzha', 'Old Shore', '46-255', 1019);
insert into delivery_address (delivery_address_id, city, street, postal_code, restaurant_id) values (1120, 'Afanas’yeva', 'Rigney', '88-945', 1002);
insert into delivery_address (delivery_address_id, city, street, postal_code, restaurant_id) values (1121, 'Fonteleite', 'Larry', '78-456', 1008);
insert into delivery_address (delivery_address_id, city, street, postal_code, restaurant_id) values (1122, 'Surami', 'Beilfuss', '98-985', 1004);
insert into delivery_address (delivery_address_id, city, street, postal_code, restaurant_id) values (1123, 'San José de los Remates', 'Emmet', '88-638', 1007);
insert into delivery_address (delivery_address_id, city, street, postal_code, restaurant_id) values (1124, 'Kuangshan', 'Kedzie', '68-786', 1001);
insert into delivery_address (delivery_address_id, city, street, postal_code, restaurant_id) values (1125, 'Shorko', '2nd', '54-488', 1003);
insert into delivery_address (delivery_address_id, city, street, postal_code, restaurant_id) values (1126, 'Yunga', 'Daystar', '27-754', 1002);
insert into delivery_address (delivery_address_id, city, street, postal_code, restaurant_id) values (1127, 'Murcia', 'Arizona', '54-693', 1001);
insert into delivery_address (delivery_address_id, city, street, postal_code, restaurant_id) values (1128, 'Leidschendam', 'Kensington', '51-645', 1004);
insert into delivery_address (delivery_address_id, city, street, postal_code, restaurant_id) values (1129, 'Guoyuan', 'Northland', '84-396', 1010);
insert into delivery_address (delivery_address_id, city, street, postal_code, restaurant_id) values (1130, 'Chai Badan', 'David', '87-993', 1004);
insert into delivery_address (delivery_address_id, city, street, postal_code, restaurant_id) values (1131, 'Jardim do Seridó', 'Oak', '86-357', 1013);
insert into delivery_address (delivery_address_id, city, street, postal_code, restaurant_id) values (1132, 'Pangligaran', 'Steensland', '74-928', 1007);
insert into delivery_address (delivery_address_id, city, street, postal_code, restaurant_id) values (1133, 'Araranguá', 'Amoth', '34-236', 1009);
insert into delivery_address (delivery_address_id, city, street, postal_code, restaurant_id) values (1134, 'East Migpulao', 'Anhalt', '45-979', 1017);
insert into delivery_address (delivery_address_id, city, street, postal_code, restaurant_id) values (1135, 'Uzunovo', 'Vidon', '67-544', 1006);
insert into delivery_address (delivery_address_id, city, street, postal_code, restaurant_id) values (1136, 'Lewotola', 'Farwell', '23-673', 1006);
insert into delivery_address (delivery_address_id, city, street, postal_code, restaurant_id) values (1137, 'Dún Laoghaire', 'Hovde', '610-598', 1001);
insert into delivery_address (delivery_address_id, city, street, postal_code, restaurant_id) values (1138, 'Darungan Lor', 'Arizona', '21-845', 1019);
insert into delivery_address (delivery_address_id, city, street, postal_code, restaurant_id) values (1139, 'Feilaixia', 'Fuller', '84-422', 1019);
insert into delivery_address (delivery_address_id, city, street, postal_code, restaurant_id) values (1140, 'San Martín', 'Dennis', '68-829', 1014);
insert into delivery_address (delivery_address_id, city, street, postal_code, restaurant_id) values (1141, 'Rusnė', 'Rutledge', '510-978', 1003);
insert into delivery_address (delivery_address_id, city, street, postal_code, restaurant_id) values (1142, 'Xiyang', 'Homewood', '810-364', 1005);
insert into delivery_address (delivery_address_id, city, street, postal_code, restaurant_id) values (1143, 'Aimadamodo', 'Upham', '36-698', 1005);
insert into delivery_address (delivery_address_id, city, street, postal_code, restaurant_id) values (1144, 'Goworowo', 'Valley Edge', '22-225', 1016);
insert into delivery_address (delivery_address_id, city, street, postal_code, restaurant_id) values (1145, 'Jianfeng', 'Kennedy', '33-425', 1017);
insert into delivery_address (delivery_address_id, city, street, postal_code, restaurant_id) values (1146, 'Gyangkar', 'Cottonwood', '510-226', 1003);
insert into delivery_address (delivery_address_id, city, street, postal_code, restaurant_id) values (1147, 'Dolany', 'Hansons', '92-648', 1009);
insert into delivery_address (delivery_address_id, city, street, postal_code, restaurant_id) values (1148, 'La Tebaida', 'Waubesa', '61-933', 1012);
insert into delivery_address (delivery_address_id, city, street, postal_code, restaurant_id) values (1149, 'La Ravoire', 'Mockingbird', '26-924', 1010);
insert into delivery_address (delivery_address_id, city, street, postal_code, restaurant_id) values (1150, 'Xiangjia', 'Warrior', '47-525', 1014);
insert into delivery_address (delivery_address_id, city, street, postal_code, restaurant_id) values (1151, 'Candelaria', 'Sachtjen', '42-523', 1008);
insert into delivery_address (delivery_address_id, city, street, postal_code, restaurant_id) values (1152, 'Kadaka', 'Kenwood', '58-976', 1010);
insert into delivery_address (delivery_address_id, city, street, postal_code, restaurant_id) values (1153, 'Bangued', 'Sunbrook', '35-396', 1019);
insert into delivery_address (delivery_address_id, city, street, postal_code, restaurant_id) values (1154, 'Sarulla', 'Haas', '65-735', 1020);
insert into delivery_address (delivery_address_id, city, street, postal_code, restaurant_id) values (1155, 'Temryuk', 'Mccormick', '41-392', 1002);
insert into delivery_address (delivery_address_id, city, street, postal_code, restaurant_id) values (1156, 'Zhangzhen', 'Carpenter', '74-756', 1009);
insert into delivery_address (delivery_address_id, city, street, postal_code, restaurant_id) values (1157, 'La Loma', 'Algoma', '35-263', 1004);
insert into delivery_address (delivery_address_id, city, street, postal_code, restaurant_id) values (1158, 'Jasionów', 'Rowland', '38-675', 1012);
insert into delivery_address (delivery_address_id, city, street, postal_code, restaurant_id) values (1159, 'Beicang', 'Sugar', '210-549', 1017);
insert into delivery_address (delivery_address_id, city, street, postal_code, restaurant_id) values (1160, 'Shi’ao', 'Shopko', '810-654', 1005);
insert into delivery_address (delivery_address_id, city, street, postal_code, restaurant_id) values (1161, 'Xiongji', 'Hauk', '22-983', 1007);
insert into delivery_address (delivery_address_id, city, street, postal_code, restaurant_id) values (1162, 'Lisakovsk', 'Lakewood', '41-287', 1013);
insert into delivery_address (delivery_address_id, city, street, postal_code, restaurant_id) values (1163, 'Waitun', 'Pierstorff', '810-878', 1002);
insert into delivery_address (delivery_address_id, city, street, postal_code, restaurant_id) values (1164, 'Novotroitsk', 'Leroy', '76-695', 1002);
insert into delivery_address (delivery_address_id, city, street, postal_code, restaurant_id) values (1165, 'Barwałd Górny', 'Sullivan', '210-547', 1003);
insert into delivery_address (delivery_address_id, city, street, postal_code, restaurant_id) values (1166, 'Taraš', 'Old Shore', '41-799', 1005);
insert into delivery_address (delivery_address_id, city, street, postal_code, restaurant_id) values (1167, 'Frydrychowice', 'Hollow Ridge', '510-243', 1010);
insert into delivery_address (delivery_address_id, city, street, postal_code, restaurant_id) values (1168, 'Alto de la Estancia', 'Buena Vista', '81-898', 1014);
insert into delivery_address (delivery_address_id, city, street, postal_code, restaurant_id) values (1169, 'Yurla', 'Clarendon', '77-622', 1014);
insert into delivery_address (delivery_address_id, city, street, postal_code, restaurant_id) values (1170, 'Campaka', 'Helena', '45-822', 1006);
insert into delivery_address (delivery_address_id, city, street, postal_code, restaurant_id) values (1171, 'Vil’nyans’k', 'Claremont', '97-545', 1017);
insert into delivery_address (delivery_address_id, city, street, postal_code, restaurant_id) values (1172, 'Heřmanova Huť', 'Cody', '32-262', 1015);
insert into delivery_address (delivery_address_id, city, street, postal_code, restaurant_id) values (1173, 'Bohdalov', 'Merrick', '77-696', 1003);
insert into delivery_address (delivery_address_id, city, street, postal_code, restaurant_id) values (1174, 'Mindupok', 'Truax', '37-765', 1008);
insert into delivery_address (delivery_address_id, city, street, postal_code, restaurant_id) values (1175, 'Bojongloa', 'Debs', '65-788', 1003);
insert into delivery_address (delivery_address_id, city, street, postal_code, restaurant_id) values (1176, 'Sundsvall', 'Hoard', '37-833', 1012);
insert into delivery_address (delivery_address_id, city, street, postal_code, restaurant_id) values (1177, 'Nusajaya', 'Eastwood', '71-889', 1020);
insert into delivery_address (delivery_address_id, city, street, postal_code, restaurant_id) values (1178, 'Dongxi', 'Erie', '26-732', 1008);
insert into delivery_address (delivery_address_id, city, street, postal_code, restaurant_id) values (1179, 'Junyang', 'Mallard', '21-333', 1014);
insert into delivery_address (delivery_address_id, city, street, postal_code, restaurant_id) values (1180, 'Vigia', '6th', '58-653', 1017);
insert into delivery_address (delivery_address_id, city, street, postal_code, restaurant_id) values (1181, 'Nishishinminato', 'Judy', '79-238', 1002);
insert into delivery_address (delivery_address_id, city, street, postal_code, restaurant_id) values (1182, 'Meukek', 'Shoshone', '85-479', 1010);
insert into delivery_address (delivery_address_id, city, street, postal_code, restaurant_id) values (1183, 'Hongcheng', 'Spohn', '35-697', 1008);
insert into delivery_address (delivery_address_id, city, street, postal_code, restaurant_id) values (1184, 'Shuangnian', '3rd', '98-365', 1018);
insert into delivery_address (delivery_address_id, city, street, postal_code, restaurant_id) values (1185, 'Karangranjong', 'Sommers', '52-852', 1012);
insert into delivery_address (delivery_address_id, city, street, postal_code, restaurant_id) values (1186, 'Baolin', 'Village', '62-382', 1006);
insert into delivery_address (delivery_address_id, city, street, postal_code, restaurant_id) values (1187, 'Sete Cidades', 'Village', '86-678', 1020);
insert into delivery_address (delivery_address_id, city, street, postal_code, restaurant_id) values (1188, 'Banyuurip', 'Lunder', '46-592', 1006);
insert into delivery_address (delivery_address_id, city, street, postal_code, restaurant_id) values (1189, 'Kunda', 'Sundown', '83-882', 1014);
insert into delivery_address (delivery_address_id, city, street, postal_code, restaurant_id) values (1190, 'Jiancheng', 'Prairie Rose', '92-592', 1004);
insert into delivery_address (delivery_address_id, city, street, postal_code, restaurant_id) values (1191, 'Bayanbulag', 'Beilfuss', '31-776', 1013);
insert into delivery_address (delivery_address_id, city, street, postal_code, restaurant_id) values (1192, 'Guacarí', 'Reinke', '47-848', 1006);
insert into delivery_address (delivery_address_id, city, street, postal_code, restaurant_id) values (1193, 'Baqiao', 'Pleasure', '84-889', 1002);
insert into delivery_address (delivery_address_id, city, street, postal_code, restaurant_id) values (1194, 'Asahikawa', 'Washington', '46-237', 1006);
insert into delivery_address (delivery_address_id, city, street, postal_code, restaurant_id) values (1195, 'Orlová', 'Bayside', '26-935', 1002);
insert into delivery_address (delivery_address_id, city, street, postal_code, restaurant_id) values (1196, 'Gaoleshan', 'Kenwood', '84-253', 1001);
insert into delivery_address (delivery_address_id, city, street, postal_code, restaurant_id) values (1197, 'Brumado', 'Nevada', '21-547', 1007);
insert into delivery_address (delivery_address_id, city, street, postal_code, restaurant_id) values (1198, 'Dalianhe', 'Anderson', '810-643', 1011);
insert into delivery_address (delivery_address_id, city, street, postal_code, restaurant_id) values (1199, 'Oktyabr’sk', 'Muir', '73-782', 1004);
insert into delivery_address (delivery_address_id, city, street, postal_code, restaurant_id) values (1200, 'Tianxing', 'Glendale', '83-772', 1005);
insert into delivery_address (delivery_address_id, city, street, postal_code, restaurant_id) values (1201, 'Lanchyn', 'Summerview', '47-885', 1019);
insert into delivery_address (delivery_address_id, city, street, postal_code, restaurant_id) values (1202, 'Cochabamba', 'Mifflin', '47-456', 1015);
insert into delivery_address (delivery_address_id, city, street, postal_code, restaurant_id) values (1203, 'Jackson', 'Everett', '97-556', 1007);
insert into delivery_address (delivery_address_id, city, street, postal_code, restaurant_id) values (1204, 'Sangumata', 'Shasta', '97-924', 1011);
insert into delivery_address (delivery_address_id, city, street, postal_code, restaurant_id) values (1205, 'Strazhitsa', 'Hazelcrest', '69-643', 1007);
insert into delivery_address (delivery_address_id, city, street, postal_code, restaurant_id) values (1206, 'Itéa', 'Hagan', '85-346', 1014);
insert into delivery_address (delivery_address_id, city, street, postal_code, restaurant_id) values (1207, 'Bessonovka', 'Summer Ridge', '51-479', 1010);
insert into delivery_address (delivery_address_id, city, street, postal_code, restaurant_id) values (1208, 'Liudu', 'Redwing', '99-655', 1017);
insert into delivery_address (delivery_address_id, city, street, postal_code, restaurant_id) values (1209, 'Bang Mun Nak', 'Milwaukee', '86-479', 1001);
insert into delivery_address (delivery_address_id, city, street, postal_code, restaurant_id) values (1210, 'Kotuń', '5th', '53-942', 1010);
insert into delivery_address (delivery_address_id, city, street, postal_code, restaurant_id) values (1211, 'Prnjavor', 'Texas', '68-552', 1002);
insert into delivery_address (delivery_address_id, city, street, postal_code, restaurant_id) values (1212, 'Káto Miliá', 'North', '43-445', 1018);
insert into delivery_address (delivery_address_id, city, street, postal_code, restaurant_id) values (1213, 'Hongyi', 'Lakeland', '44-355', 1005);
insert into delivery_address (delivery_address_id, city, street, postal_code, restaurant_id) values (1214, 'Ārifwāla', 'Tomscot', '87-972', 1010);
insert into delivery_address (delivery_address_id, city, street, postal_code, restaurant_id) values (1215, 'Färjestaden', 'Pleasure', '46-665', 1020);
insert into delivery_address (delivery_address_id, city, street, postal_code, restaurant_id) values (1216, 'Krong Pi Nang', 'Transport', '81-776', 1012);
insert into delivery_address (delivery_address_id, city, street, postal_code, restaurant_id) values (1217, 'Dimbokro', 'Summit', '93-895', 1014);
insert into delivery_address (delivery_address_id, city, street, postal_code, restaurant_id) values (1218, 'Luxi', 'Butternut', '27-587', 1020);
insert into delivery_address (delivery_address_id, city, street, postal_code, restaurant_id) values (1219, 'Malanje', 'Rieder', '710-299', 1004);
insert into delivery_address (delivery_address_id, city, street, postal_code, restaurant_id) values (1220, 'La Libertad', 'Boyd', '87-294', 1002);
insert into delivery_address (delivery_address_id, city, street, postal_code, restaurant_id) values (1221, 'Denton', 'Hanson', '88-373', 1007);
insert into delivery_address (delivery_address_id, city, street, postal_code, restaurant_id) values (1222, 'Tukhlya', 'Vidon', '69-222', 1003);
insert into delivery_address (delivery_address_id, city, street, postal_code, restaurant_id) values (1223, 'Dong Charoen', 'Merrick', '48-672', 1017);
insert into delivery_address (delivery_address_id, city, street, postal_code, restaurant_id) values (1224, 'Kirawsk', 'Bonner', '64-755', 1009);
insert into delivery_address (delivery_address_id, city, street, postal_code, restaurant_id) values (1225, 'Wangdain', 'Garrison', '77-777', 1011);
insert into delivery_address (delivery_address_id, city, street, postal_code, restaurant_id) values (1226, 'Mrągowo', 'Morningstar', '45-326', 1009);
insert into delivery_address (delivery_address_id, city, street, postal_code, restaurant_id) values (1227, 'Maasin', 'Texas', '56-332', 1008);
insert into delivery_address (delivery_address_id, city, street, postal_code, restaurant_id) values (1228, 'Ampelókipoi', 'Shasta', '83-473', 1019);
insert into delivery_address (delivery_address_id, city, street, postal_code, restaurant_id) values (1229, 'Bang Yai', 'Bellgrove', '27-884', 1013);
insert into delivery_address (delivery_address_id, city, street, postal_code, restaurant_id) values (1230, 'Jezerce', 'Briar Crest', '76-859', 1004);
insert into delivery_address (delivery_address_id, city, street, postal_code, restaurant_id) values (1231, 'Nueva Imperial', 'Eliot', '84-752', 1009);
insert into delivery_address (delivery_address_id, city, street, postal_code, restaurant_id) values (1232, 'Tancheng', 'Nevada', '84-956', 1020);
insert into delivery_address (delivery_address_id, city, street, postal_code, restaurant_id) values (1233, 'Hekou', 'Forest Dale', '89-644', 1014);
insert into delivery_address (delivery_address_id, city, street, postal_code, restaurant_id) values (1234, 'Fuzhiping', 'Rusk', '95-867', 1006);
insert into delivery_address (delivery_address_id, city, street, postal_code, restaurant_id) values (1235, 'Besançon', 'Lyons', '59-373', 1014);
insert into delivery_address (delivery_address_id, city, street, postal_code, restaurant_id) values (1236, 'Reguenga', 'Debra', '72-334', 1020);
insert into delivery_address (delivery_address_id, city, street, postal_code, restaurant_id) values (1237, 'Santo Domingo Oeste', 'Melrose', '61-884', 1020);
insert into delivery_address (delivery_address_id, city, street, postal_code, restaurant_id) values (1238, 'Novoselë', 'Morning', '88-885', 1002);
insert into delivery_address (delivery_address_id, city, street, postal_code, restaurant_id) values (1239, 'Ilovka', 'Bellgrove', '68-924', 1006);
insert into delivery_address (delivery_address_id, city, street, postal_code, restaurant_id) values (1240, 'Noginsk', 'Park Meadow', '26-347', 1008);
insert into delivery_address (delivery_address_id, city, street, postal_code, restaurant_id) values (1241, 'Pniv', 'Graedel', '63-967', 1011);
insert into delivery_address (delivery_address_id, city, street, postal_code, restaurant_id) values (1242, 'Jiangchang', 'Granby', '710-236', 1001);
insert into delivery_address (delivery_address_id, city, street, postal_code, restaurant_id) values (1243, 'Świętochłowice', 'Iowa', '57-469', 1009);
insert into delivery_address (delivery_address_id, city, street, postal_code, restaurant_id) values (1244, 'Bánica', 'Maple', '91-623', 1004);
insert into delivery_address (delivery_address_id, city, street, postal_code, restaurant_id) values (1245, 'Stepove', 'Waywood', '25-523', 1018);
insert into delivery_address (delivery_address_id, city, street, postal_code, restaurant_id) values (1246, 'Jovim', 'Pearson', '39-855', 1012);
insert into delivery_address (delivery_address_id, city, street, postal_code, restaurant_id) values (1247, 'Veruela', 'Old Shore', '46-334', 1007);
insert into delivery_address (delivery_address_id, city, street, postal_code, restaurant_id) values (1248, 'Halmstad', 'Southridge', '49-983', 1016);
insert into delivery_address (delivery_address_id, city, street, postal_code, restaurant_id) values (1249, 'Tanahwangko', 'Oakridge', '810-473', 1005);
insert into delivery_address (delivery_address_id, city, street, postal_code, restaurant_id) values (1250, 'Nàng Mau', 'Westerfield', '48-276', 1016);
insert into delivery_address (delivery_address_id, city, street, postal_code, restaurant_id) values (1251, 'Xijiang', 'Banding', '69-737', 1001);
insert into delivery_address (delivery_address_id, city, street, postal_code, restaurant_id) values (1252, 'Lingkou', 'Killdeer', '62-656', 1004);
insert into delivery_address (delivery_address_id, city, street, postal_code, restaurant_id) values (1253, 'Longjing', 'Macpherson', '210-523', 1010);
insert into delivery_address (delivery_address_id, city, street, postal_code, restaurant_id) values (1254, 'Tsarychanka', 'Prairie Rose', '58-578', 1006);
insert into delivery_address (delivery_address_id, city, street, postal_code, restaurant_id) values (1255, 'Dongqiao', 'Holy Cross', '91-685', 1020);
insert into delivery_address (delivery_address_id, city, street, postal_code, restaurant_id) values (1256, 'Khotsimsk', 'Veith', '68-269', 1002);
insert into delivery_address (delivery_address_id, city, street, postal_code, restaurant_id) values (1257, 'Xiadu', 'Division', '29-395', 1002);
insert into delivery_address (delivery_address_id, city, street, postal_code, restaurant_id) values (1258, 'Bauan', 'Boyd', '59-625', 1011);
insert into delivery_address (delivery_address_id, city, street, postal_code, restaurant_id) values (1259, 'Masaya', 'Corry', '57-736', 1020);
insert into delivery_address (delivery_address_id, city, street, postal_code, restaurant_id) values (1260, 'Volosovo', 'Scott', '31-829', 1019);
insert into delivery_address (delivery_address_id, city, street, postal_code, restaurant_id) values (1261, 'Jiuzhou', 'Vernon', '710-296', 1003);
insert into delivery_address (delivery_address_id, city, street, postal_code, restaurant_id) values (1262, 'Faaone', 'Jackson', '48-497', 1003);
insert into delivery_address (delivery_address_id, city, street, postal_code, restaurant_id) values (1263, 'Sidi Moussa', 'Vahlen', '77-325', 1014);
insert into delivery_address (delivery_address_id, city, street, postal_code, restaurant_id) values (1264, 'Tochio-honchō', 'Birchwood', '610-734', 1018);
insert into delivery_address (delivery_address_id, city, street, postal_code, restaurant_id) values (1265, 'Lupon', 'High Crossing', '33-289', 1013);
insert into delivery_address (delivery_address_id, city, street, postal_code, restaurant_id) values (1266, 'Bergen', 'Anthes', '62-252', 1008);
insert into delivery_address (delivery_address_id, city, street, postal_code, restaurant_id) values (1267, 'Bobigny', 'Lien', '55-466', 1016);
insert into delivery_address (delivery_address_id, city, street, postal_code, restaurant_id) values (1268, 'Chocos', 'Orin', '86-623', 1014);
insert into delivery_address (delivery_address_id, city, street, postal_code, restaurant_id) values (1269, 'Matias Olímpio', 'Hoepker', '74-546', 1005);
insert into delivery_address (delivery_address_id, city, street, postal_code, restaurant_id) values (1270, 'Baitu', 'Pepper Wood', '36-769', 1016);
insert into delivery_address (delivery_address_id, city, street, postal_code, restaurant_id) values (1271, 'El Hermel', 'Cherokee', '34-662', 1011);
insert into delivery_address (delivery_address_id, city, street, postal_code, restaurant_id) values (1272, 'Malakhovka', 'Aberg', '43-779', 1012);
insert into delivery_address (delivery_address_id, city, street, postal_code, restaurant_id) values (1273, 'Kuroishi', 'Northview', '84-253', 1006);
insert into delivery_address (delivery_address_id, city, street, postal_code, restaurant_id) values (1274, 'Haparanda', 'Lyons', '55-673', 1001);
insert into delivery_address (delivery_address_id, city, street, postal_code, restaurant_id) values (1275, 'Batutulis', 'Scott', '81-463', 1015);
insert into delivery_address (delivery_address_id, city, street, postal_code, restaurant_id) values (1276, 'Itabirito', 'Glacier Hill', '84-729', 1008);
insert into delivery_address (delivery_address_id, city, street, postal_code, restaurant_id) values (1277, 'Xinqiao', 'Oak', '93-827', 1012);
insert into delivery_address (delivery_address_id, city, street, postal_code, restaurant_id) values (1278, 'Pleshanovo', 'Tomscot', '62-956', 1011);
insert into delivery_address (delivery_address_id, city, street, postal_code, restaurant_id) values (1279, 'Hetou', 'Mariners Cove', '57-385', 1020);
insert into delivery_address (delivery_address_id, city, street, postal_code, restaurant_id) values (1280, 'Javarthushuu', 'Pawling', '45-589', 1012);
insert into delivery_address (delivery_address_id, city, street, postal_code, restaurant_id) values (1281, 'Wenchi', 'Heffernan', '28-562', 1005);
insert into delivery_address (delivery_address_id, city, street, postal_code, restaurant_id) values (1282, 'Famatina', 'Northwestern', '43-664', 1015);
insert into delivery_address (delivery_address_id, city, street, postal_code, restaurant_id) values (1283, 'Kerrobert', 'Lakewood', '310-268', 1010);
insert into delivery_address (delivery_address_id, city, street, postal_code, restaurant_id) values (1284, 'Bondoufle', 'Nevada', '83-528', 1016);
insert into delivery_address (delivery_address_id, city, street, postal_code, restaurant_id) values (1285, 'Boujniba', 'Karstens', '71-699', 1002);
insert into delivery_address (delivery_address_id, city, street, postal_code, restaurant_id) values (1286, 'Nytva', 'Shopko', '62-989', 1013);
insert into delivery_address (delivery_address_id, city, street, postal_code, restaurant_id) values (1287, 'Austin', 'Magdeline', '95-499', 1007);
insert into delivery_address (delivery_address_id, city, street, postal_code, restaurant_id) values (1288, 'Yangon', 'Coolidge', '86-732', 1016);
insert into delivery_address (delivery_address_id, city, street, postal_code, restaurant_id) values (1289, 'Youwei', 'Center', '49-596', 1010);
insert into delivery_address (delivery_address_id, city, street, postal_code, restaurant_id) values (1290, 'Lutou', 'Golf', '78-353', 1008);
insert into delivery_address (delivery_address_id, city, street, postal_code, restaurant_id) values (1291, 'Maggotty', 'Coleman', '26-533', 1005);
insert into delivery_address (delivery_address_id, city, street, postal_code, restaurant_id) values (1292, 'San Francisco', 'Raven', '42-439', 1002);
insert into delivery_address (delivery_address_id, city, street, postal_code, restaurant_id) values (1293, 'Tambakromo', 'Crownhardt', '51-877', 1017);
insert into delivery_address (delivery_address_id, city, street, postal_code, restaurant_id) values (1294, 'Alenquer', 'Green Ridge', '59-885', 1019);
insert into delivery_address (delivery_address_id, city, street, postal_code, restaurant_id) values (1295, 'Rudnya', 'Cherokee', '94-473', 1007);
insert into delivery_address (delivery_address_id, city, street, postal_code, restaurant_id) values (1296, 'Huibu', 'Hovde', '49-885', 1014);
insert into delivery_address (delivery_address_id, city, street, postal_code, restaurant_id) values (1297, 'Bayan Uula Sumu', 'Summer Ridge', '81-562', 1005);
insert into delivery_address (delivery_address_id, city, street, postal_code, restaurant_id) values (1298, 'Nakhon Si Thammarat', 'Express', '97-989', 1010);
insert into delivery_address (delivery_address_id, city, street, postal_code, restaurant_id) values (1299, 'Razvanje', 'Arapahoe', '24-347', 1003);
insert into delivery_address (delivery_address_id, city, street, postal_code, restaurant_id) values (1300, 'Bayuwan', 'Bultman', '410-752', 1018);


-- food
ALTER TABLE food ALTER COLUMN name TYPE VARCHAR(256);
insert into food (food_id, name, description, price, food_type, menu_id) values (1001, 'Solidago nemoralis Aiton', 'Quisque id justo sit amet sapien dignissim vestibulum. Vestibulum ante ipsum primis in faucibus orci luctus et ultrices posuere cubilia Curae; Nulla dapibus dolor vel est.', 278.31, 'BREAD', 1006);
insert into food (food_id, name, description, price, food_type, menu_id) values (1002, 'Physocarpus (Camb.) Raf.', 'Morbi quis tortor id nulla ultrices aliquet.', 904.58, 'BREAD', 1007);
insert into food (food_id, name, description, price, food_type, menu_id) values (1003, 'Platanthera gracilis Lindl.', 'Vivamus in felis eu sapien cursus vestibulum. Proin eu mi.', 206.96, 'WINE', 1017);
insert into food (food_id, name, description, price, food_type, menu_id) values (1004, 'Thelypteris ×palmeri W.H. Wagner', 'Morbi vel lectus in quam fringilla rhoncus. Mauris enim leo, rhoncus sed, vestibulum sit amet, cursus id, turpis.', 351.62, 'BREAKFAST', 1002);
insert into food (food_id, name, description, price, food_type, menu_id) values (1005, 'Luzula glabrata (Hoppe ex Rostk.) Desv. var. hitchcockii (Hämet-Ahti) Dorn', 'Nullam orci pede, venenatis non, sodales sed, tincidunt eu, felis.', 986.63, 'APPETIZER', 1010);
insert into food (food_id, name, description, price, food_type, menu_id) values (1006, 'Drosera capensis L.', 'In est risus, auctor sed, tristique in, tempus sit amet, sem.', 532.89, 'TEA', 1008);
insert into food (food_id, name, description, price, food_type, menu_id) values (1007, 'Eleocharis olivacea Torr. var. reductiseta (Schuyler & Ferren) Schuyler & Ferren', 'Suspendisse potenti.', 526.03, 'WINE', 1003);
insert into food (food_id, name, description, price, food_type, menu_id) values (1008, 'Trapeliopsis Hertel & Gotth. Schneid.', 'Vestibulum ante ipsum primis in faucibus orci luctus et ultrices posuere cubilia Curae; Nulla dapibus dolor vel est.', 684.52, 'BREAD', 1006);
insert into food (food_id, name, description, price, food_type, menu_id) values (1009, 'Carex amplifolia Boott', 'Cum sociis natoque penatibus et magnis dis parturient montes, nascetur ridiculus mus.', 153.5, 'MAIN_DISH', 1011);
insert into food (food_id, name, description, price, food_type, menu_id) values (1010, 'Eriogonum hoffmannii S. Stokes var. hoffmannii', 'Morbi quis tortor id nulla ultrices aliquet. Maecenas leo odio, condimentum id, luctus nec, molestie sed, justo.', 518.14, 'BEER', 1005);
insert into food (food_id, name, description, price, food_type, menu_id) values (1011, 'Potentilla norvegica L.', 'Curabitur convallis. Duis consequat dui nec nisi volutpat eleifend.', 75.25, 'ROLL', 1005);
insert into food (food_id, name, description, price, food_type, menu_id) values (1012, 'Spiraea cantoniensis Lour.', 'Phasellus sit amet erat.', 287.4, 'BEER', 1020);
insert into food (food_id, name, description, price, food_type, menu_id) values (1013, 'Chrysanthemum arcticum L. ssp. polare Hultén', 'Phasellus in felis. Donec semper sapien a libero.', 894.01, 'DRINK', 1011);
insert into food (food_id, name, description, price, food_type, menu_id) values (1014, 'Sanicula tuberosa Torr.', 'Nullam varius.', 78.87, 'COOKIE', 1018);
insert into food (food_id, name, description, price, food_type, menu_id) values (1015, 'Prenanthes racemosa Michx.', 'Quisque id justo sit amet sapien dignissim vestibulum.', 756.28, 'BREAD', 1013);
insert into food (food_id, name, description, price, food_type, menu_id) values (1016, 'Bryum arcticum (R. Br.) Bruch & Schimp.', 'Nulla nisl. Nunc nisl.', 20.83, 'TEA', 1011);
insert into food (food_id, name, description, price, food_type, menu_id) values (1017, 'Carex striatula Michx.', 'Curabitur gravida nisi at nibh. In hac habitasse platea dictumst.', 468.54, 'TEA', 1017);
insert into food (food_id, name, description, price, food_type, menu_id) values (1018, 'Wolffia arrhiza (L.) Horkel ex Wimm.', 'Cras mi pede, malesuada in, imperdiet et, commodo vulputate, justo.', 356.41, 'COOKIE', 1008);
insert into food (food_id, name, description, price, food_type, menu_id) values (1019, 'Nemophila menziesii Hook. & Arn. var. atomaria (Fisch. & C.A. Mey.) Chandler', 'Vivamus vel nulla eget eros elementum pellentesque. Quisque porta volutpat erat.', 269.4, 'COOKIE', 1011);
insert into food (food_id, name, description, price, food_type, menu_id) values (1020, 'Opuntia macrorhiza Engelm. var. macrorhiza', 'Donec vitae nisi.', 758.55, 'COFFEE', 1004);
insert into food (food_id, name, description, price, food_type, menu_id) values (1021, 'Sidalcea malviflora (DC.) A. Gray ex Benth. ssp. purpurea C.L. Hitchc.', 'Mauris lacinia sapien quis libero.', 251.63, 'COFFEE', 1001);
insert into food (food_id, name, description, price, food_type, menu_id) values (1022, 'Cissampelos pareira L.', 'Nulla neque libero, convallis eget, eleifend luctus, ultricies eu, nibh. Quisque id justo sit amet sapien dignissim vestibulum.', 21.46, 'COFFEE', 1014);
insert into food (food_id, name, description, price, food_type, menu_id) values (1023, 'Ipomoea tricolor Cav.', 'Morbi porttitor lorem id ligula. Suspendisse ornare consequat lectus.', 680.16, 'DRINK', 1016);
insert into food (food_id, name, description, price, food_type, menu_id) values (1024, 'Arctostaphylos canescens Eastw. ssp. sonomensis (Eastw.) P.V. Wells', 'Ut at dolor quis odio consequat varius. Integer ac leo.', 468.59, 'COOKIE', 1018);
insert into food (food_id, name, description, price, food_type, menu_id) values (1025, 'Saxifraga hieraciifolia Waldst. & Kit. ex Willd. var. hieraciifolia', 'Aenean lectus.', 52.37, 'COFFEE', 1019);
insert into food (food_id, name, description, price, food_type, menu_id) values (1026, 'Alpinia purpurata (Vieill.) K. Schum.', 'Sed sagittis.', 224.33, 'APPETIZER', 1007);
insert into food (food_id, name, description, price, food_type, menu_id) values (1027, 'Najas guadalupensis (Spreng.) Magnus ssp. muenscheri (R.T. Clausen) Haynes & C.B. Hellquist', 'Duis mattis egestas metus. Aenean fermentum.', 921.92, 'APPETIZER', 1015);
insert into food (food_id, name, description, price, food_type, menu_id) values (1028, 'Dodecatheon clevelandii Greene ssp. sanctarum (Greene) Abrams', 'Vivamus vel nulla eget eros elementum pellentesque. Quisque porta volutpat erat.', 966.58, 'SOUP', 1020);
insert into food (food_id, name, description, price, food_type, menu_id) values (1029, 'Kalanchoe pinnata (Lam.) Pers.', 'Vestibulum quam sapien, varius ut, blandit non, interdum in, ante.', 483.31, 'ROLL', 1002);
insert into food (food_id, name, description, price, food_type, menu_id) values (1030, 'Savia Willd.', 'Etiam faucibus cursus urna.', 817.87, 'COFFEE', 1017);
insert into food (food_id, name, description, price, food_type, menu_id) values (1031, 'Artocarpus hirsutus Lam.', 'Sed ante. Vivamus tortor.', 774.22, 'DESSERT', 1008);
insert into food (food_id, name, description, price, food_type, menu_id) values (1032, 'Monardella odoratissima Benth. ssp. discolor (Greene) Epling', 'Nullam varius.', 828.37, 'BREAKFAST', 1004);
insert into food (food_id, name, description, price, food_type, menu_id) values (1033, 'Eriogonum esmeraldense S. Watson var. esmeraldense', 'Aliquam erat volutpat.', 643.27, 'COFFEE', 1016);
insert into food (food_id, name, description, price, food_type, menu_id) values (1034, 'Plectranthus amboinicus (Lour.) Spreng.', 'Morbi vestibulum, velit id pretium iaculis, diam erat fermentum justo, nec condimentum neque sapien placerat ante.', 341.74, 'COFFEE', 1014);
insert into food (food_id, name, description, price, food_type, menu_id) values (1035, 'Quercus palmeri Engelm.', 'Etiam vel augue.', 99.94, 'APPETIZER', 1018);
insert into food (food_id, name, description, price, food_type, menu_id) values (1036, 'Phyllanthopsis phyllanthoides (Nutt.) Voronts. & Petra Hoffm.', 'Pellentesque eget nunc.', 839.18, 'ALCOHOL', 1008);
insert into food (food_id, name, description, price, food_type, menu_id) values (1037, 'Vernonia marginata (Torr.) Raf.', 'Nunc rhoncus dui vel sem. Sed sagittis.', 736.86, 'BREAKFAST', 1020);
insert into food (food_id, name, description, price, food_type, menu_id) values (1038, 'Sanguisorba minor Scop. ssp. balearica (Bourg. ex Nyman) M. Garm. & C. Navarro', 'Etiam vel augue. Vestibulum rutrum rutrum neque.', 685.55, 'COFFEE', 1004);
insert into food (food_id, name, description, price, food_type, menu_id) values (1039, 'Apium graveolens L.', 'Donec ut dolor.', 295.91, 'SOUP', 1011);
insert into food (food_id, name, description, price, food_type, menu_id) values (1040, 'Crepis pulchra L.', 'Phasellus sit amet erat. Nulla tempus.', 823.18, 'DRINK', 1020);
insert into food (food_id, name, description, price, food_type, menu_id) values (1041, 'Camptotheca acuminata Decne.', 'Integer a nibh.', 854.9, 'BREAKFAST', 1008);
insert into food (food_id, name, description, price, food_type, menu_id) values (1042, 'Rinodina populicola H. Magn.', 'Donec ut dolor. Morbi vel lectus in quam fringilla rhoncus.', 444.16, 'ALCOHOL', 1017);
insert into food (food_id, name, description, price, food_type, menu_id) values (1043, 'Silene drummondii Hook.', 'Aliquam non mauris.', 766.15, 'ROLL', 1008);
insert into food (food_id, name, description, price, food_type, menu_id) values (1044, 'Draba porsildii G. Mulligan var. porsildii', 'Lorem ipsum dolor sit amet, consectetuer adipiscing elit. Proin risus.', 680.14, 'WINE', 1003);
insert into food (food_id, name, description, price, food_type, menu_id) values (1045, 'Coreopsis pubescens Elliott var. robusta A. Gray ex Eames', 'In quis justo.', 48.0, 'MAIN_DISH', 1012);
insert into food (food_id, name, description, price, food_type, menu_id) values (1046, 'Vulpia octoflora (Walter) Rydb. var. octoflora', 'Donec vitae nisi. Nam ultrices, libero non mattis pulvinar, nulla pede ullamcorper augue, a suscipit nulla elit ac nulla.', 163.07, 'ROLL', 1013);
insert into food (food_id, name, description, price, food_type, menu_id) values (1047, 'Saxifraga oppositifolia L.', 'Cum sociis natoque penatibus et magnis dis parturient montes, nascetur ridiculus mus.', 41.2, 'ROLL', 1018);
insert into food (food_id, name, description, price, food_type, menu_id) values (1048, 'Lepidium ramosissimum A. Nelson var. bourgeauanum (Thell.) Rollins', 'Vestibulum ante ipsum primis in faucibus orci luctus et ultrices posuere cubilia Curae; Donec pharetra, magna vestibulum aliquet ultrices, erat tortor sollicitudin mi, sit amet lobortis sapien sapien non mi.', 807.56, 'BREAKFAST', 1013);
insert into food (food_id, name, description, price, food_type, menu_id) values (1049, 'Tectaria trifoliata (L.) Cav.', 'Sed accumsan felis. Ut at dolor quis odio consequat varius.', 426.21, 'COOKIE', 1008);
insert into food (food_id, name, description, price, food_type, menu_id) values (1050, 'Cylindropuntia ×tetracantha (Toumey) F.M. Knuth (pro sp.)', 'Sed vel enim sit amet nunc viverra dapibus.', 46.08, 'ALCOHOL', 1003);
insert into food (food_id, name, description, price, food_type, menu_id) values (1051, 'Cryptantha leiocarpa (Fisch. & C.A. Mey.) Greene', 'Nullam sit amet turpis elementum ligula vehicula consequat.', 939.5, 'COFFEE', 1006);
insert into food (food_id, name, description, price, food_type, menu_id) values (1052, 'Sisymbrium turczaninowii Sonder', 'Maecenas tincidunt lacus at velit.', 419.72, 'SOUP', 1001);
insert into food (food_id, name, description, price, food_type, menu_id) values (1053, 'Adenophorus tamariscinus (Kaulf.) Hook. & Grev.', 'Integer tincidunt ante vel ipsum.', 18.19, 'COOKIE', 1004);
insert into food (food_id, name, description, price, food_type, menu_id) values (1054, 'Grimmia funalis (Schwägr.) Bruch & Schimp.', 'Proin interdum mauris non ligula pellentesque ultrices. Phasellus id sapien in sapien iaculis congue.', 552.73, 'WINE', 1013);
insert into food (food_id, name, description, price, food_type, menu_id) values (1055, 'Erigeron mariposanus Congdon', 'Ut at dolor quis odio consequat varius.', 71.45, 'ALCOHOL', 1017);
insert into food (food_id, name, description, price, food_type, menu_id) values (1056, 'Pinanga insignis Becc.', 'Vestibulum ante ipsum primis in faucibus orci luctus et ultrices posuere cubilia Curae; Mauris viverra diam vitae quam. Suspendisse potenti.', 730.29, 'BREAKFAST', 1005);
insert into food (food_id, name, description, price, food_type, menu_id) values (1057, 'Symphyotrichum puniceum (L.) Á. Löve & D. Löve', 'Pellentesque viverra pede ac diam.', 354.36, 'MAIN_DISH', 1015);
insert into food (food_id, name, description, price, food_type, menu_id) values (1058, 'Hosta plantaginea (Lam.) Asch.', 'Nullam orci pede, venenatis non, sodales sed, tincidunt eu, felis.', 920.43, 'BREAD', 1004);
insert into food (food_id, name, description, price, food_type, menu_id) values (1059, 'Polygala nudata Brandegee', 'Donec diam neque, vestibulum eget, vulputate ut, ultrices vel, augue. Vestibulum ante ipsum primis in faucibus orci luctus et ultrices posuere cubilia Curae; Donec pharetra, magna vestibulum aliquet ultrices, erat tortor sollicitudin mi, sit amet lobortis sapien sapien non mi.', 923.24, 'MAIN_DISH', 1011);
insert into food (food_id, name, description, price, food_type, menu_id) values (1060, 'Asplenium contiguum Kaulf. var. contiguum', 'Nulla tellus.', 25.16, 'DESSERT', 1006);
insert into food (food_id, name, description, price, food_type, menu_id) values (1061, 'Nama jamaicense L.', 'Nullam varius. Nulla facilisi.', 790.92, 'TEA', 1001);
insert into food (food_id, name, description, price, food_type, menu_id) values (1062, 'Polystichum kwakiutlii W.H. Wagner', 'Vestibulum ante ipsum primis in faucibus orci luctus et ultrices posuere cubilia Curae; Donec pharetra, magna vestibulum aliquet ultrices, erat tortor sollicitudin mi, sit amet lobortis sapien sapien non mi. Integer ac neque.', 477.92, 'MAIN_DISH', 1012);
insert into food (food_id, name, description, price, food_type, menu_id) values (1063, 'Pennisetum incomptum Nees ex Steud.', 'Quisque erat eros, viverra eget, congue eget, semper rutrum, nulla.', 787.66, 'BEER', 1016);
insert into food (food_id, name, description, price, food_type, menu_id) values (1064, 'Eriastrum pluriflorum (A. Heller) H. Mason ssp. pluriflorum', 'Etiam vel augue. Vestibulum rutrum rutrum neque.', 57.66, 'WINE', 1018);
insert into food (food_id, name, description, price, food_type, menu_id) values (1065, 'Penstemon rostriflorus Kellogg', 'Nunc rhoncus dui vel sem. Sed sagittis.', 530.94, 'COOKIE', 1002);
insert into food (food_id, name, description, price, food_type, menu_id) values (1066, 'Cladonia gracilis (L.) Willd.', 'Praesent id massa id nisl venenatis lacinia.', 204.49, 'BREAD', 1010);
insert into food (food_id, name, description, price, food_type, menu_id) values (1067, 'Zanthoxylum punctatum Vahl', 'Praesent id massa id nisl venenatis lacinia. Aenean sit amet justo.', 445.56, 'DRINK', 1002);
insert into food (food_id, name, description, price, food_type, menu_id) values (1068, 'Physostegia correllii (Lundell) Shinners', 'In hac habitasse platea dictumst.', 702.83, 'MAIN_DISH', 1003);
insert into food (food_id, name, description, price, food_type, menu_id) values (1069, 'Erigeron pumilus Nutt. ssp. intermedius Cronquist var. intermedius (Cronquist) Cronquist', 'Morbi porttitor lorem id ligula.', 800.53, 'SNACK', 1014);
insert into food (food_id, name, description, price, food_type, menu_id) values (1070, 'Tripterocalyx crux-maltae (Kellogg) Standl.', 'Etiam pretium iaculis justo.', 256.12, 'WINE', 1003);
insert into food (food_id, name, description, price, food_type, menu_id) values (1071, 'Myurella tenerrima (Brid.) Lindb.', 'Pellentesque ultrices mattis odio.', 875.43, 'SNACK', 1007);
insert into food (food_id, name, description, price, food_type, menu_id) values (1072, 'Rubus pedatus Sm.', 'In sagittis dui vel nisl. Duis ac nibh.', 431.83, 'DRINK', 1007);
insert into food (food_id, name, description, price, food_type, menu_id) values (1073, 'Oenothera elata Kunth', 'Vivamus vestibulum sagittis sapien. Cum sociis natoque penatibus et magnis dis parturient montes, nascetur ridiculus mus.', 268.88, 'ALCOHOL', 1017);
insert into food (food_id, name, description, price, food_type, menu_id) values (1074, 'Alectoria fallacina Mot.', 'Sed ante. Vivamus tortor.', 887.32, 'MAIN_DISH', 1017);
insert into food (food_id, name, description, price, food_type, menu_id) values (1075, 'Crossopetalum P. Br.', 'Morbi vestibulum, velit id pretium iaculis, diam erat fermentum justo, nec condimentum neque sapien placerat ante.', 839.31, 'COFFEE', 1008);
insert into food (food_id, name, description, price, food_type, menu_id) values (1076, 'Nicotiana obtusifolia M. Martens & Galeotti', 'Quisque erat eros, viverra eget, congue eget, semper rutrum, nulla.', 439.99, 'DRINK', 1020);
insert into food (food_id, name, description, price, food_type, menu_id) values (1077, 'Echinocereus viridiflorus Engelm. var. russanthus (D. Weniger) A.D. Zimmerman', 'Nulla ut erat id mauris vulputate elementum. Nullam varius.', 19.71, 'APPETIZER', 1019);
insert into food (food_id, name, description, price, food_type, menu_id) values (1078, 'Catabrosa aquatica (L.) P. Beauv. var. aquatica', 'In eleifend quam a odio. In hac habitasse platea dictumst.', 700.87, 'BREAD', 1010);
insert into food (food_id, name, description, price, food_type, menu_id) values (1079, 'Eustachys paspaloides (Vahl) Lanza & Mattei', 'Pellentesque viverra pede ac diam.', 270.02, 'APPETIZER', 1013);
insert into food (food_id, name, description, price, food_type, menu_id) values (1080, 'Rubus bicknellii L.H. Bailey', 'In sagittis dui vel nisl. Duis ac nibh.', 686.84, 'TEA', 1006);
insert into food (food_id, name, description, price, food_type, menu_id) values (1081, 'Gymnopogon P. Beauv.', 'Morbi non lectus.', 782.95, 'BREAD', 1012);
insert into food (food_id, name, description, price, food_type, menu_id) values (1082, 'Calophyllum L.', 'Donec semper sapien a libero. Nam dui.', 599.55, 'ALCOHOL', 1012);
insert into food (food_id, name, description, price, food_type, menu_id) values (1083, 'Matelea trianae (Decne. ex Trin.) Spellman', 'Cras mi pede, malesuada in, imperdiet et, commodo vulputate, justo. In blandit ultrices enim.', 261.79, 'MAIN_DISH', 1019);
insert into food (food_id, name, description, price, food_type, menu_id) values (1084, 'Nemacladus pinnatifidus Greene', 'Maecenas ut massa quis augue luctus tincidunt. Nulla mollis molestie lorem.', 17.48, 'APPETIZER', 1010);
insert into food (food_id, name, description, price, food_type, menu_id) values (1085, 'Anethum graveolens L.', 'Mauris sit amet eros.', 501.42, 'SOUP', 1009);
insert into food (food_id, name, description, price, food_type, menu_id) values (1086, 'Tonestus kingii (D.C. Eaton) G.L. Nesom var. kingii', 'Proin eu mi. Nulla ac enim.', 877.95, 'SOUP', 1013);
insert into food (food_id, name, description, price, food_type, menu_id) values (1087, 'Thamnobryum alleghaniense (Müll. Hal.) Nieuwl.', 'Sed sagittis. Nam congue, risus semper porta volutpat, quam pede lobortis ligula, sit amet eleifend pede libero quis orci.', 787.75, 'DRINK', 1011);
insert into food (food_id, name, description, price, food_type, menu_id) values (1088, 'Thurovia triflora Rose', 'Morbi non quam nec dui luctus rutrum. Nulla tellus.', 209.86, 'TEA', 1014);
insert into food (food_id, name, description, price, food_type, menu_id) values (1089, 'Balduina Nutt.', 'Maecenas tincidunt lacus at velit. Vivamus vel nulla eget eros elementum pellentesque.', 978.68, 'SOUP', 1007);
insert into food (food_id, name, description, price, food_type, menu_id) values (1090, 'Illosporium carneum Fr.', 'Proin interdum mauris non ligula pellentesque ultrices.', 742.94, 'TEA', 1011);
insert into food (food_id, name, description, price, food_type, menu_id) values (1091, 'Pannaria Delise', 'Donec posuere metus vitae ipsum.', 80.2, 'TEA', 1014);
insert into food (food_id, name, description, price, food_type, menu_id) values (1092, 'Pellaea glabella Mett. ex Kuhn ssp. missouriensis (Gastony) Windham', 'Cum sociis natoque penatibus et magnis dis parturient montes, nascetur ridiculus mus.', 544.6, 'SNACK', 1019);
insert into food (food_id, name, description, price, food_type, menu_id) values (1093, 'Brickellia knappiana E. Drew', 'Cum sociis natoque penatibus et magnis dis parturient montes, nascetur ridiculus mus. Etiam vel augue.', 111.09, 'BREAD', 1006);
insert into food (food_id, name, description, price, food_type, menu_id) values (1094, 'Ericameria linearifolia (DC.) Urbatsch & Wussow', 'In tempor, turpis nec euismod scelerisque, quam turpis adipiscing lorem, vitae mattis nibh ligula nec sem.', 736.36, 'DRINK', 1019);
insert into food (food_id, name, description, price, food_type, menu_id) values (1095, 'Phlox diffusa Benth. ssp. longistylis Wherry', 'Quisque porta volutpat erat.', 558.95, 'WINE', 1010);
insert into food (food_id, name, description, price, food_type, menu_id) values (1096, 'Themeda quadrivalvis (L.) Kuntze', 'Praesent id massa id nisl venenatis lacinia. Aenean sit amet justo.', 763.61, 'DRINK', 1011);
insert into food (food_id, name, description, price, food_type, menu_id) values (1097, 'Maytenus phyllanthoides Benth.', 'Sed vel enim sit amet nunc viverra dapibus.', 756.07, 'COFFEE', 1016);
insert into food (food_id, name, description, price, food_type, menu_id) values (1098, 'Camissonia integrifolia P.H. Raven', 'Sed ante. Vivamus tortor.', 405.46, 'MAIN_DISH', 1017);
insert into food (food_id, name, description, price, food_type, menu_id) values (1099, 'Dicranella schreberiana (Hedw.) Hilf. ex H.A. Crum & L.E. Anderson var. robusta (Schimp. ex Braithw.) H.A. Crum & L.E. Anderson', 'Praesent lectus.', 833.83, 'BEER', 1010);
insert into food (food_id, name, description, price, food_type, menu_id) values (1100, 'Hydrocleys Rich.', 'Maecenas rhoncus aliquam lacus.', 682.95, 'ROLL', 1018);
insert into food (food_id, name, description, price, food_type, menu_id) values (1101, 'Cardamine flagellifera O.E. Schulz', 'Cras in purus eu magna vulputate luctus.', 174.28, 'COOKIE', 1014);
insert into food (food_id, name, description, price, food_type, menu_id) values (1102, 'Cabomba caroliniana A. Gray var. pulcherrima Harper', 'Vestibulum ante ipsum primis in faucibus orci luctus et ultrices posuere cubilia Curae; Mauris viverra diam vitae quam.', 70.08, 'BREAD', 1018);
insert into food (food_id, name, description, price, food_type, menu_id) values (1103, 'Usnea fragilescens Hav. ex Lynge var. mollis (Vain.) Clerc', 'Praesent id massa id nisl venenatis lacinia.', 905.14, 'COFFEE', 1016);
insert into food (food_id, name, description, price, food_type, menu_id) values (1104, 'Nemastylis Nutt.', 'Vivamus in felis eu sapien cursus vestibulum.', 316.75, 'SNACK', 1012);
insert into food (food_id, name, description, price, food_type, menu_id) values (1105, 'Rinodina cinereovirens (Vain.) Vain.', 'In blandit ultrices enim. Lorem ipsum dolor sit amet, consectetuer adipiscing elit.', 824.03, 'COFFEE', 1014);
insert into food (food_id, name, description, price, food_type, menu_id) values (1106, 'Chenopodium urbicum L.', 'Quisque arcu libero, rutrum ac, lobortis vel, dapibus at, diam.', 579.89, 'BREAKFAST', 1009);
insert into food (food_id, name, description, price, food_type, menu_id) values (1107, 'Pistacia mexicana Kunth', 'Vivamus metus arcu, adipiscing molestie, hendrerit at, vulputate vitae, nisl.', 167.02, 'WINE', 1014);
insert into food (food_id, name, description, price, food_type, menu_id) values (1108, 'Castilleja raupii Pennell', 'Quisque erat eros, viverra eget, congue eget, semper rutrum, nulla.', 240.69, 'APPETIZER', 1007);
insert into food (food_id, name, description, price, food_type, menu_id) values (1109, 'Ptychomitrium Fürnr.', 'Nulla tempus.', 43.54, 'DRINK', 1002);
insert into food (food_id, name, description, price, food_type, menu_id) values (1110, 'Verrucaria tectorum (A. Massal.) Körb.', 'Duis consequat dui nec nisi volutpat eleifend. Donec ut dolor.', 653.9, 'SNACK', 1009);
insert into food (food_id, name, description, price, food_type, menu_id) values (1111, 'Crossidium squamiferum (Viv.) Jur.', 'Proin leo odio, porttitor id, consequat in, consequat ut, nulla.', 692.55, 'SOUP', 1002);
insert into food (food_id, name, description, price, food_type, menu_id) values (1112, 'Desmodium affine Schltdl.', 'Sed accumsan felis.', 334.14, 'APPETIZER', 1008);
insert into food (food_id, name, description, price, food_type, menu_id) values (1113, 'Croton glandulosus L. var. floridanus (A.M. Ferguson) R.W. Long', 'Fusce congue, diam id ornare imperdiet, sapien urna pretium nisl, ut volutpat sapien arcu sed augue.', 832.61, 'ROLL', 1007);
insert into food (food_id, name, description, price, food_type, menu_id) values (1114, 'Sidalcea neomexicana A. Gray ssp. neomexicana', 'Nam nulla.', 932.86, 'SOUP', 1008);
insert into food (food_id, name, description, price, food_type, menu_id) values (1115, 'Lindera benzoin (L.) Blume', 'Duis mattis egestas metus. Aenean fermentum.', 871.12, 'APPETIZER', 1013);
insert into food (food_id, name, description, price, food_type, menu_id) values (1116, 'Triphysaria eriantha (Benth.) T.I. Chuang & Heckard', 'Praesent blandit lacinia erat.', 35.06, 'DESSERT', 1019);
insert into food (food_id, name, description, price, food_type, menu_id) values (1117, 'Ptelea trifoliata L. ssp. pallida (Greene) V. Bailey var. cognata (Greene) Kearney & Peebles', 'Lorem ipsum dolor sit amet, consectetuer adipiscing elit. Proin risus.', 726.21, 'COFFEE', 1012);
insert into food (food_id, name, description, price, food_type, menu_id) values (1118, 'Polystichum lemmonii Underw.', 'Donec semper sapien a libero. Nam dui.', 500.15, 'ROLL', 1001);
insert into food (food_id, name, description, price, food_type, menu_id) values (1119, 'Zizaniopsis Döll & Asch.', 'Praesent blandit lacinia erat.', 598.5, 'SOUP', 1006);
insert into food (food_id, name, description, price, food_type, menu_id) values (1120, 'Ramonia valenzueliana (Mont.) Stizenb.', 'Nam ultrices, libero non mattis pulvinar, nulla pede ullamcorper augue, a suscipit nulla elit ac nulla.', 663.91, 'MAIN_DISH', 1012);
insert into food (food_id, name, description, price, food_type, menu_id) values (1121, 'Caloplaca tetraspora (Nyl.) H. Olivier', 'Aliquam erat volutpat.', 141.26, 'MAIN_DISH', 1019);
insert into food (food_id, name, description, price, food_type, menu_id) values (1122, 'Stewartia malacodendron L.', 'Mauris sit amet eros.', 533.57, 'TEA', 1002);
insert into food (food_id, name, description, price, food_type, menu_id) values (1123, 'Dendromecon Benth.', 'Nulla ac enim. In tempor, turpis nec euismod scelerisque, quam turpis adipiscing lorem, vitae mattis nibh ligula nec sem.', 682.86, 'BREAD', 1012);
insert into food (food_id, name, description, price, food_type, menu_id) values (1124, 'Allium L.', 'Integer ac neque.', 891.15, 'DRINK', 1012);
insert into food (food_id, name, description, price, food_type, menu_id) values (1125, 'Polygonatum hirsutum (Bosc ex Poir.) Pursh', 'Duis aliquam convallis nunc.', 649.4, 'BREAKFAST', 1001);
insert into food (food_id, name, description, price, food_type, menu_id) values (1126, 'Potentilla crinita A. Gray', 'Integer pede justo, lacinia eget, tincidunt eget, tempus vel, pede.', 33.74, 'MAIN_DISH', 1004);
insert into food (food_id, name, description, price, food_type, menu_id) values (1127, 'Prunus ×palmeri Sarg. (pro sp.)', 'Morbi quis tortor id nulla ultrices aliquet.', 727.55, 'MAIN_DISH', 1005);
insert into food (food_id, name, description, price, food_type, menu_id) values (1128, 'Rosa ×borboniana N.H.F. Desp. (pro sp.)', 'Ut tellus. Nulla ut erat id mauris vulputate elementum.', 823.2, 'ROLL', 1013);
insert into food (food_id, name, description, price, food_type, menu_id) values (1129, 'Oxalis latifolia Kunth', 'Suspendisse potenti.', 143.54, 'SNACK', 1018);
insert into food (food_id, name, description, price, food_type, menu_id) values (1130, 'Viola L.', 'Donec diam neque, vestibulum eget, vulputate ut, ultrices vel, augue. Vestibulum ante ipsum primis in faucibus orci luctus et ultrices posuere cubilia Curae; Donec pharetra, magna vestibulum aliquet ultrices, erat tortor sollicitudin mi, sit amet lobortis sapien sapien non mi.', 225.65, 'TEA', 1010);
insert into food (food_id, name, description, price, food_type, menu_id) values (1131, 'Acer negundo L. var. texanum Pax', 'Nullam varius. Nulla facilisi.', 286.42, 'COOKIE', 1004);
insert into food (food_id, name, description, price, food_type, menu_id) values (1132, 'Haploesthes greggii A. Gray', 'Duis consequat dui nec nisi volutpat eleifend. Donec ut dolor.', 377.23, 'ROLL', 1017);
insert into food (food_id, name, description, price, food_type, menu_id) values (1133, 'Vicia villosa Roth ssp. villosa', 'Morbi sem mauris, laoreet ut, rhoncus aliquet, pulvinar sed, nisl.', 411.37, 'WINE', 1013);
insert into food (food_id, name, description, price, food_type, menu_id) values (1134, 'Picea breweriana S. Watson', 'Vestibulum ante ipsum primis in faucibus orci luctus et ultrices posuere cubilia Curae; Nulla dapibus dolor vel est.', 808.28, 'SOUP', 1017);
insert into food (food_id, name, description, price, food_type, menu_id) values (1135, 'Claytonia cordifolia S. Watson', 'Vivamus tortor.', 542.32, 'ALCOHOL', 1006);
insert into food (food_id, name, description, price, food_type, menu_id) values (1136, 'Anemone quinquefolia L. var. quinquefolia', 'Morbi porttitor lorem id ligula.', 404.35, 'BREAD', 1011);
insert into food (food_id, name, description, price, food_type, menu_id) values (1137, 'Lasiospermum bipinnatum (Thunb.) Druce', 'In tempor, turpis nec euismod scelerisque, quam turpis adipiscing lorem, vitae mattis nibh ligula nec sem.', 267.14, 'MAIN_DISH', 1018);
insert into food (food_id, name, description, price, food_type, menu_id) values (1138, 'Streptopus streptopoides (Ledeb.) Frye & Rigg ssp. streptopoides var. brevipes (Baker) Fassett', 'In sagittis dui vel nisl. Duis ac nibh.', 718.48, 'COFFEE', 1017);
insert into food (food_id, name, description, price, food_type, menu_id) values (1139, 'Trypethelium virens Tuck. ex Michener', 'Vestibulum ante ipsum primis in faucibus orci luctus et ultrices posuere cubilia Curae; Nulla dapibus dolor vel est. Donec odio justo, sollicitudin ut, suscipit a, feugiat et, eros.', 878.9, 'MAIN_DISH', 1004);
insert into food (food_id, name, description, price, food_type, menu_id) values (1140, 'Schoenoplectiella hallii (A.Gray) Lye', 'Donec ut mauris eget massa tempor convallis.', 223.61, 'COFFEE', 1009);
insert into food (food_id, name, description, price, food_type, menu_id) values (1141, 'Calylophus berlandieri Spach ssp. pinifolius (Engelm. ex A. Gray) Towner', 'Mauris lacinia sapien quis libero. Nullam sit amet turpis elementum ligula vehicula consequat.', 300.5, 'DESSERT', 1001);
insert into food (food_id, name, description, price, food_type, menu_id) values (1142, 'Holocarpha virgata (A. Gray) D.D. Keck', 'Maecenas rhoncus aliquam lacus. Morbi quis tortor id nulla ultrices aliquet.', 55.92, 'COFFEE', 1018);
insert into food (food_id, name, description, price, food_type, menu_id) values (1143, 'Epilobium pygmaeum (Speg.) Hoch & P.H. Raven', 'Nunc rhoncus dui vel sem.', 56.45, 'APPETIZER', 1003);
insert into food (food_id, name, description, price, food_type, menu_id) values (1144, 'Astragalus serenoi (Kuntze) Sheldon var. sordescens Barneby', 'Integer ac neque. Duis bibendum.', 240.82, 'DESSERT', 1016);
insert into food (food_id, name, description, price, food_type, menu_id) values (1145, 'Chorizanthe obovata Goodman', 'Maecenas rhoncus aliquam lacus.', 990.94, 'COOKIE', 1009);
insert into food (food_id, name, description, price, food_type, menu_id) values (1146, 'Camissonia graciliflora (Hook. & Arn.) P.H. Raven', 'Pellentesque eget nunc. Donec quis orci eget orci vehicula condimentum.', 817.35, 'APPETIZER', 1003);
insert into food (food_id, name, description, price, food_type, menu_id) values (1147, 'Shepherdia Nutt.', 'Aliquam non mauris. Morbi non lectus.', 730.37, 'BEER', 1017);
insert into food (food_id, name, description, price, food_type, menu_id) values (1148, 'Mitracarpus breviflorus A. Gray', 'In est risus, auctor sed, tristique in, tempus sit amet, sem. Fusce consequat.', 314.57, 'MAIN_DISH', 1001);
insert into food (food_id, name, description, price, food_type, menu_id) values (1149, 'Croton L.', 'Morbi a ipsum. Integer a nibh.', 764.5, 'BREAD', 1019);
insert into food (food_id, name, description, price, food_type, menu_id) values (1150, 'Eriogonum mancum Rydb.', 'Proin eu mi. Nulla ac enim.', 771.43, 'BREAD', 1013);
insert into food (food_id, name, description, price, food_type, menu_id) values (1151, 'Pertusaria panyrga (Ach.) A. Massal.', 'Nulla ac enim. In tempor, turpis nec euismod scelerisque, quam turpis adipiscing lorem, vitae mattis nibh ligula nec sem.', 947.56, 'SOUP', 1020);
insert into food (food_id, name, description, price, food_type, menu_id) values (1152, 'Pseudoleskeella serpentinensis P. Wilson & Norris', 'Morbi non lectus.', 27.4, 'BEER', 1019);
insert into food (food_id, name, description, price, food_type, menu_id) values (1153, 'Clematis occidentalis (Hornem.) DC. var. occidentalis', 'Vivamus metus arcu, adipiscing molestie, hendrerit at, vulputate vitae, nisl.', 958.11, 'DRINK', 1004);
insert into food (food_id, name, description, price, food_type, menu_id) values (1154, 'Lathyrus nevadensis S. Watson ssp. lanceolatus (Howell) C.L. Hitchc. var. nuttallii (S. Watson) C.L. Hitchc.', 'Nam dui.', 106.31, 'APPETIZER', 1014);
insert into food (food_id, name, description, price, food_type, menu_id) values (1155, 'Lobelia dortmanna L.', 'Suspendisse potenti. In eleifend quam a odio.', 362.36, 'COOKIE', 1007);
insert into food (food_id, name, description, price, food_type, menu_id) values (1156, 'Cryptotaenia DC.', 'Cras non velit nec nisi vulputate nonummy.', 119.09, 'APPETIZER', 1007);
insert into food (food_id, name, description, price, food_type, menu_id) values (1157, 'Didymodon fallax (Hedw.) R.H. Zander var. fallax', 'Nam nulla. Integer pede justo, lacinia eget, tincidunt eget, tempus vel, pede.', 567.41, 'SNACK', 1014);
insert into food (food_id, name, description, price, food_type, menu_id) values (1158, 'Verrucaria viridula (Schrad.) Ach.', 'Praesent id massa id nisl venenatis lacinia. Aenean sit amet justo.', 946.52, 'COFFEE', 1011);
insert into food (food_id, name, description, price, food_type, menu_id) values (1159, 'Parnassia caroliniana Michx.', 'Suspendisse ornare consequat lectus.', 646.16, 'ROLL', 1004);
insert into food (food_id, name, description, price, food_type, menu_id) values (1160, 'Pseudorchis straminea (Fernald) Soó', 'Vestibulum ante ipsum primis in faucibus orci luctus et ultrices posuere cubilia Curae; Mauris viverra diam vitae quam.', 499.43, 'BEER', 1016);
insert into food (food_id, name, description, price, food_type, menu_id) values (1161, 'Cercocarpus montanus Raf. var. argenteus (Rydb.) F.L. Martin', 'Vestibulum sed magna at nunc commodo placerat. Praesent blandit.', 856.49, 'COOKIE', 1006);
insert into food (food_id, name, description, price, food_type, menu_id) values (1162, 'Funastrum clausum (Jacq.) Schltr.', 'Duis aliquam convallis nunc.', 27.17, 'SOUP', 1007);
insert into food (food_id, name, description, price, food_type, menu_id) values (1163, 'Cuscuta cassytoides Nees ex Engelm.', 'Duis at velit eu est congue elementum.', 117.42, 'BREAKFAST', 1001);
insert into food (food_id, name, description, price, food_type, menu_id) values (1164, 'Pinus canariensis C. Sm.', 'Ut tellus.', 814.97, 'DRINK', 1018);
insert into food (food_id, name, description, price, food_type, menu_id) values (1165, 'Pholistoma auritum (Lindl.) Lilja', 'Duis mattis egestas metus. Aenean fermentum.', 561.63, 'DESSERT', 1009);
insert into food (food_id, name, description, price, food_type, menu_id) values (1166, 'Strigula phaea (Ach.) R.C. Harris', 'Suspendisse potenti.', 230.29, 'MAIN_DISH', 1002);
insert into food (food_id, name, description, price, food_type, menu_id) values (1167, 'Drosanthemum floribundum (Haw.) Schwant.', 'In hac habitasse platea dictumst. Maecenas ut massa quis augue luctus tincidunt.', 205.87, 'DRINK', 1005);
insert into food (food_id, name, description, price, food_type, menu_id) values (1168, 'Forchhammeria brevipes Urb.', 'Aenean sit amet justo.', 238.27, 'MAIN_DISH', 1002);
insert into food (food_id, name, description, price, food_type, menu_id) values (1169, 'Rumex acetosella L.', 'Cras non velit nec nisi vulputate nonummy.', 793.58, 'SOUP', 1010);
insert into food (food_id, name, description, price, food_type, menu_id) values (1170, 'Amsonia illustris Woodson', 'Cum sociis natoque penatibus et magnis dis parturient montes, nascetur ridiculus mus.', 917.91, 'BEER', 1014);
insert into food (food_id, name, description, price, food_type, menu_id) values (1171, 'Carex vallicola Dewey', 'Duis consequat dui nec nisi volutpat eleifend. Donec ut dolor.', 558.03, 'TEA', 1017);
insert into food (food_id, name, description, price, food_type, menu_id) values (1172, 'Krameria erecta Willd. ex Schult.', 'Proin at turpis a pede posuere nonummy.', 69.29, 'ROLL', 1015);
insert into food (food_id, name, description, price, food_type, menu_id) values (1173, 'Carex obtusata Lilj.', 'Donec dapibus.', 62.67, 'BEER', 1010);
insert into food (food_id, name, description, price, food_type, menu_id) values (1174, 'Teramnus uncinatus (L.) Sw.', 'Proin interdum mauris non ligula pellentesque ultrices.', 749.13, 'ALCOHOL', 1017);
insert into food (food_id, name, description, price, food_type, menu_id) values (1175, 'Lupinus arizonicus (S. Watson) S. Watson ssp. arizonicus var. arizonicus', 'Curabitur gravida nisi at nibh.', 870.47, 'SOUP', 1008);
insert into food (food_id, name, description, price, food_type, menu_id) values (1176, 'Cirsium drummondii Torr. & A. Gray', 'Nulla mollis molestie lorem. Quisque ut erat.', 643.86, 'DESSERT', 1015);
insert into food (food_id, name, description, price, food_type, menu_id) values (1177, 'Oleandra Cav.', 'In hac habitasse platea dictumst. Aliquam augue quam, sollicitudin vitae, consectetuer eget, rutrum at, lorem.', 623.85, 'DESSERT', 1004);
insert into food (food_id, name, description, price, food_type, menu_id) values (1178, 'Strophanthus gratus (Wall. & Hook. ex Benth.) Baill. [excluded]', 'Nulla tempus. Vivamus in felis eu sapien cursus vestibulum.', 472.97, 'DESSERT', 1004);
insert into food (food_id, name, description, price, food_type, menu_id) values (1179, 'Astragalus riparius Barneby', 'Pellentesque ultrices mattis odio.', 470.37, 'DESSERT', 1009);
insert into food (food_id, name, description, price, food_type, menu_id) values (1180, 'Agalinis navasotensis M. Dubrule & J. Canne-Hilliker', 'Cras mi pede, malesuada in, imperdiet et, commodo vulputate, justo.', 98.15, 'BREAD', 1007);
insert into food (food_id, name, description, price, food_type, menu_id) values (1181, 'Eriophorum callitrix Cham. ex C.A. Mey. var. callitrix', 'Aenean auctor gravida sem. Praesent id massa id nisl venenatis lacinia.', 738.84, 'BREAKFAST', 1010);
insert into food (food_id, name, description, price, food_type, menu_id) values (1182, 'Harperocallis flava McDaniel', 'Morbi non lectus.', 405.08, 'WINE', 1011);
insert into food (food_id, name, description, price, food_type, menu_id) values (1183, 'Viola vanroyenii H. St. John', 'Proin risus.', 701.49, 'BREAD', 1003);
insert into food (food_id, name, description, price, food_type, menu_id) values (1184, 'Phacelia dubia (L.) Trel. var. dubia', 'Nunc rhoncus dui vel sem. Sed sagittis.', 408.78, 'BREAKFAST', 1017);
insert into food (food_id, name, description, price, food_type, menu_id) values (1185, 'Polygonum amphibium L.', 'Vestibulum ante ipsum primis in faucibus orci luctus et ultrices posuere cubilia Curae; Donec pharetra, magna vestibulum aliquet ultrices, erat tortor sollicitudin mi, sit amet lobortis sapien sapien non mi. Integer ac neque.', 651.81, 'MAIN_DISH', 1002);
insert into food (food_id, name, description, price, food_type, menu_id) values (1186, 'Amsonia tomentosa Torr. & Frém. var. stenophylla Kearney & Peebles', 'Vivamus vestibulum sagittis sapien. Cum sociis natoque penatibus et magnis dis parturient montes, nascetur ridiculus mus.', 992.45, 'DESSERT', 1015);
insert into food (food_id, name, description, price, food_type, menu_id) values (1187, 'Gahnia J.R. Forst. & G. Forst.', 'Cum sociis natoque penatibus et magnis dis parturient montes, nascetur ridiculus mus.', 906.79, 'SNACK', 1002);
insert into food (food_id, name, description, price, food_type, menu_id) values (1188, 'Pityopsis flexuosa (Nash) Small', 'Nullam varius. Nulla facilisi.', 315.47, 'BREAD', 1006);
insert into food (food_id, name, description, price, food_type, menu_id) values (1189, 'Lecanora poluninii Lynge', 'Integer ac neque.', 491.49, 'SOUP', 1018);
insert into food (food_id, name, description, price, food_type, menu_id) values (1190, 'Pyrenula rubrostoma R.C. Harris', 'Aliquam augue quam, sollicitudin vitae, consectetuer eget, rutrum at, lorem.', 423.47, 'DRINK', 1015);
insert into food (food_id, name, description, price, food_type, menu_id) values (1191, 'Cynodontium glaucescens (Lindb. & Arnell) Par.', 'Mauris sit amet eros. Suspendisse accumsan tortor quis turpis.', 572.5, 'BREAKFAST', 1011);
insert into food (food_id, name, description, price, food_type, menu_id) values (1192, 'Calycophyllum DC.', 'Morbi a ipsum. Integer a nibh.', 410.41, 'SNACK', 1006);
insert into food (food_id, name, description, price, food_type, menu_id) values (1193, 'Polygonum ramosissimum Michx.', 'Nulla suscipit ligula in lacus.', 883.66, 'TEA', 1014);
insert into food (food_id, name, description, price, food_type, menu_id) values (1194, 'Shepherdia rotundifolia Parry', 'Donec ut mauris eget massa tempor convallis. Nulla neque libero, convallis eget, eleifend luctus, ultricies eu, nibh.', 990.45, 'COFFEE', 1009);
insert into food (food_id, name, description, price, food_type, menu_id) values (1195, 'Pediomelum cuspidatum (Pursh) Rydb.', 'Pellentesque at nulla.', 741.54, 'TEA', 1003);
insert into food (food_id, name, description, price, food_type, menu_id) values (1196, 'Sagraea domingensis DC.', 'Curabitur in libero ut massa volutpat convallis. Morbi odio odio, elementum eu, interdum eu, tincidunt in, leo.', 422.91, 'BREAKFAST', 1017);
insert into food (food_id, name, description, price, food_type, menu_id) values (1197, 'Polygonum bistortoides Pursh', 'Aliquam augue quam, sollicitudin vitae, consectetuer eget, rutrum at, lorem.', 157.41, 'WINE', 1009);
insert into food (food_id, name, description, price, food_type, menu_id) values (1198, 'Muhlenbergia sobolifera (Muhl. ex Willd.) Trin.', 'Phasellus sit amet erat.', 841.26, 'SNACK', 1012);
insert into food (food_id, name, description, price, food_type, menu_id) values (1199, 'Cystopteris ×wagneri R.C. Moran', 'Curabitur gravida nisi at nibh.', 63.48, 'DRINK', 1010);
insert into food (food_id, name, description, price, food_type, menu_id) values (1200, 'Pohlia longibracteata Broth.', 'Quisque erat eros, viverra eget, congue eget, semper rutrum, nulla.', 85.01, 'ALCOHOL', 1009);
insert into food (food_id, name, description, price, food_type, menu_id) values (1201, 'Sphagnum L.', 'Maecenas tincidunt lacus at velit. Vivamus vel nulla eget eros elementum pellentesque.', 953.75, 'DESSERT', 1014);
insert into food (food_id, name, description, price, food_type, menu_id) values (1202, 'Salvia potus Epling', 'Curabitur convallis.', 983.31, 'SOUP', 1020);
insert into food (food_id, name, description, price, food_type, menu_id) values (1203, 'Tillandsia ionantha Planch.', 'In eleifend quam a odio. In hac habitasse platea dictumst.', 112.24, 'SNACK', 1003);
insert into food (food_id, name, description, price, food_type, menu_id) values (1204, 'Imperata brasiliensis Trin.', 'Proin interdum mauris non ligula pellentesque ultrices. Phasellus id sapien in sapien iaculis congue.', 966.25, 'SOUP', 1016);
insert into food (food_id, name, description, price, food_type, menu_id) values (1205, 'Aspicilia aquatica Körb.', 'Curabitur in libero ut massa volutpat convallis.', 311.87, 'BEER', 1017);
insert into food (food_id, name, description, price, food_type, menu_id) values (1206, 'Cyperus esculentus L. var. hermannii (Buckley) Britton', 'Donec ut mauris eget massa tempor convallis.', 823.9, 'APPETIZER', 1019);
insert into food (food_id, name, description, price, food_type, menu_id) values (1207, 'Diploschistes muscorum (Scop.) R. Sant. ssp. muscorum', 'Suspendisse potenti.', 837.41, 'MAIN_DISH', 1013);
insert into food (food_id, name, description, price, food_type, menu_id) values (1208, 'Convallaria L.', 'Morbi vestibulum, velit id pretium iaculis, diam erat fermentum justo, nec condimentum neque sapien placerat ante.', 425.54, 'SOUP', 1009);
insert into food (food_id, name, description, price, food_type, menu_id) values (1209, 'Poitea florida (Vahl) Lavin', 'Maecenas rhoncus aliquam lacus.', 355.3, 'COFFEE', 1003);
insert into food (food_id, name, description, price, food_type, menu_id) values (1210, 'Solanum heterodoxum Dunal', 'Nullam sit amet turpis elementum ligula vehicula consequat. Morbi a ipsum.', 682.44, 'SOUP', 1014);
insert into food (food_id, name, description, price, food_type, menu_id) values (1211, 'Usnea flammea Stirt.', 'Curabitur in libero ut massa volutpat convallis.', 979.65, 'SNACK', 1012);
insert into food (food_id, name, description, price, food_type, menu_id) values (1212, 'Scutellaria tuberosa Benth.', 'Pellentesque ultrices mattis odio.', 446.67, 'COOKIE', 1017);
insert into food (food_id, name, description, price, food_type, menu_id) values (1213, 'Cercocarpus montanus Raf. var. macrourus (Rydb.) F.L. Martin', 'In quis justo.', 428.32, 'BREAD', 1010);
insert into food (food_id, name, description, price, food_type, menu_id) values (1214, 'Potamogeton pusillus L. ssp. tenuissimus (Mert. & W.D.J. Koch) Haynes & C.B. Hellquist', 'Donec ut mauris eget massa tempor convallis. Nulla neque libero, convallis eget, eleifend luctus, ultricies eu, nibh.', 462.05, 'BEER', 1005);
insert into food (food_id, name, description, price, food_type, menu_id) values (1215, 'Dodecatheon conjugens Greene ssp. conjugens', 'Donec odio justo, sollicitudin ut, suscipit a, feugiat et, eros. Vestibulum ac est lacinia nisi venenatis tristique.', 988.06, 'DRINK', 1008);
insert into food (food_id, name, description, price, food_type, menu_id) values (1216, 'Phaeographis arthonioides (Vain.) Zahlbr.', 'Mauris sit amet eros.', 85.45, 'ALCOHOL', 1003);
insert into food (food_id, name, description, price, food_type, menu_id) values (1217, 'Lupinus hispanicus Boiss. & Reut.', 'Aenean auctor gravida sem. Praesent id massa id nisl venenatis lacinia.', 244.81, 'TEA', 1011);
insert into food (food_id, name, description, price, food_type, menu_id) values (1218, 'Lomatium bicolor (S. Watson) J.M. Coult. & Rose var. bicolor', 'Suspendisse accumsan tortor quis turpis.', 162.17, 'MAIN_DISH', 1003);
insert into food (food_id, name, description, price, food_type, menu_id) values (1219, 'Bacidia lobarica Printzen & Tønsberg', 'Vivamus tortor.', 676.9, 'ALCOHOL', 1011);
insert into food (food_id, name, description, price, food_type, menu_id) values (1220, 'Pavonia paniculata Cav.', 'Lorem ipsum dolor sit amet, consectetuer adipiscing elit.', 189.99, 'TEA', 1020);
insert into food (food_id, name, description, price, food_type, menu_id) values (1221, 'Tetradymia stenolepis Greene', 'Fusce congue, diam id ornare imperdiet, sapien urna pretium nisl, ut volutpat sapien arcu sed augue.', 132.68, 'BEER', 1001);
insert into food (food_id, name, description, price, food_type, menu_id) values (1222, 'Stereocaulon groenlandicum (E. Dahl) Lamb', 'Nunc rhoncus dui vel sem. Sed sagittis.', 428.33, 'MAIN_DISH', 1003);
insert into food (food_id, name, description, price, food_type, menu_id) values (1223, 'Strychnos toxifera Schomb. ex Benth.', 'Mauris ullamcorper purus sit amet nulla.', 700.41, 'APPETIZER', 1006);
insert into food (food_id, name, description, price, food_type, menu_id) values (1224, 'Coprosma pubens A. Gray', 'Morbi sem mauris, laoreet ut, rhoncus aliquet, pulvinar sed, nisl. Nunc rhoncus dui vel sem.', 520.37, 'BREAKFAST', 1016);
insert into food (food_id, name, description, price, food_type, menu_id) values (1225, 'Heterotheca fulcrata (Greene) Shinners var. arizonica Semple', 'Cras in purus eu magna vulputate luctus. Cum sociis natoque penatibus et magnis dis parturient montes, nascetur ridiculus mus.', 229.43, 'MAIN_DISH', 1015);
insert into food (food_id, name, description, price, food_type, menu_id) values (1226, 'Pisonia umbellifera (J.R. Forst. & G. Forst.) Seem.', 'Quisque erat eros, viverra eget, congue eget, semper rutrum, nulla.', 817.76, 'COOKIE', 1002);
insert into food (food_id, name, description, price, food_type, menu_id) values (1227, 'Pityopsis falcata (Pursh) Nutt.', 'Sed ante.', 401.99, 'DESSERT', 1014);
insert into food (food_id, name, description, price, food_type, menu_id) values (1228, 'Carex obtusata Lilj.', 'Nullam porttitor lacus at turpis.', 669.12, 'DESSERT', 1020);
insert into food (food_id, name, description, price, food_type, menu_id) values (1229, 'Phyllostegia floribunda Benth.', 'Vivamus vestibulum sagittis sapien. Cum sociis natoque penatibus et magnis dis parturient montes, nascetur ridiculus mus.', 302.57, 'ROLL', 1014);
insert into food (food_id, name, description, price, food_type, menu_id) values (1230, 'Galium circaezans Michx. var. hypomalacum Fernald', 'Cras pellentesque volutpat dui. Maecenas tristique, est et tempus semper, est quam pharetra magna, ac consequat metus sapien ut nunc.', 633.34, 'BEER', 1007);
insert into food (food_id, name, description, price, food_type, menu_id) values (1231, 'Phacelia neglecta M.E. Jones', 'Nullam varius.', 744.22, 'ROLL', 1012);
insert into food (food_id, name, description, price, food_type, menu_id) values (1232, 'Crossidium Jur.', 'Proin interdum mauris non ligula pellentesque ultrices.', 687.02, 'COFFEE', 1009);
insert into food (food_id, name, description, price, food_type, menu_id) values (1233, 'Cyperus pennatiformis Kük. var. bryanii Kük.', 'Suspendisse potenti. Cras in purus eu magna vulputate luctus.', 167.86, 'ROLL', 1009);
insert into food (food_id, name, description, price, food_type, menu_id) values (1234, 'Bidens populifolia Sherff', 'Duis bibendum, felis sed interdum venenatis, turpis enim blandit mi, in porttitor pede justo eu massa.', 968.88, 'BREAD', 1007);
insert into food (food_id, name, description, price, food_type, menu_id) values (1235, 'Eutrochium purpureum (L.) E.E. Lamont', 'Cras non velit nec nisi vulputate nonummy.', 738.03, 'SNACK', 1019);
insert into food (food_id, name, description, price, food_type, menu_id) values (1236, 'Carex disticha Huds.', 'Praesent id massa id nisl venenatis lacinia. Aenean sit amet justo.', 617.81, 'ROLL', 1005);
insert into food (food_id, name, description, price, food_type, menu_id) values (1237, 'Desmatodon convolutus (Brid.) Grout', 'Donec quis orci eget orci vehicula condimentum.', 556.99, 'ROLL', 1013);
insert into food (food_id, name, description, price, food_type, menu_id) values (1238, 'Vaupesia R.E. Schult.', 'Mauris ullamcorper purus sit amet nulla. Quisque arcu libero, rutrum ac, lobortis vel, dapibus at, diam.', 496.83, 'BREAKFAST', 1003);
insert into food (food_id, name, description, price, food_type, menu_id) values (1239, 'Eriogonum prociduum Reveal', 'Etiam pretium iaculis justo.', 532.73, 'BEER', 1003);
insert into food (food_id, name, description, price, food_type, menu_id) values (1240, 'Verbena ×engelmannii Moldenke', 'Morbi porttitor lorem id ligula.', 284.85, 'ALCOHOL', 1018);
insert into food (food_id, name, description, price, food_type, menu_id) values (1241, 'Astragalus diaphanus Douglas ex Hook.', 'Morbi sem mauris, laoreet ut, rhoncus aliquet, pulvinar sed, nisl. Nunc rhoncus dui vel sem.', 900.8, 'ROLL', 1008);
insert into food (food_id, name, description, price, food_type, menu_id) values (1242, 'Siphoneugena densiflora Berg', 'Cras non velit nec nisi vulputate nonummy. Maecenas tincidunt lacus at velit.', 381.67, 'MAIN_DISH', 1013);
insert into food (food_id, name, description, price, food_type, menu_id) values (1243, 'Navarretia intertexta (Benth.) Hook. ssp. propinqua (Suksd.) Day', 'Suspendisse potenti.', 188.97, 'APPETIZER', 1002);
insert into food (food_id, name, description, price, food_type, menu_id) values (1244, 'Cordia alliodora (Ruiz & Pav.) Oken', 'Donec quis orci eget orci vehicula condimentum.', 879.88, 'MAIN_DISH', 1016);
insert into food (food_id, name, description, price, food_type, menu_id) values (1245, 'Dicranum acutifolium (Lindb. & Arnell) C.E.O. Jensen ex Weinm.', 'Fusce posuere felis sed lacus. Morbi sem mauris, laoreet ut, rhoncus aliquet, pulvinar sed, nisl.', 435.21, 'ALCOHOL', 1004);
insert into food (food_id, name, description, price, food_type, menu_id) values (1246, 'Polyblastia A. Massal.', 'Cras in purus eu magna vulputate luctus. Cum sociis natoque penatibus et magnis dis parturient montes, nascetur ridiculus mus.', 758.86, 'SNACK', 1008);
insert into food (food_id, name, description, price, food_type, menu_id) values (1247, 'Phlebodium aureum (L.) J. Sm.', 'Pellentesque at nulla.', 107.67, 'BREAD', 1020);
insert into food (food_id, name, description, price, food_type, menu_id) values (1248, 'Stellaria borealis Bigelow ssp. sitchana (Steud.) Piper', 'Cras pellentesque volutpat dui. Maecenas tristique, est et tempus semper, est quam pharetra magna, ac consequat metus sapien ut nunc.', 619.18, 'DRINK', 1003);
insert into food (food_id, name, description, price, food_type, menu_id) values (1249, 'Hygrophila difformis (L. f.) Blume', 'Proin risus.', 970.89, 'WINE', 1016);
insert into food (food_id, name, description, price, food_type, menu_id) values (1250, 'Platydesma cornuta Hillebr. var. cornuta', 'Morbi ut odio.', 814.19, 'ALCOHOL', 1016);
insert into food (food_id, name, description, price, food_type, menu_id) values (1251, 'Astragalus robbinsii (Oakes) A. Gray var. jesupii Eggl. & Sheldon', 'Nulla justo. Aliquam quis turpis eget elit sodales scelerisque.', 472.67, 'SNACK', 1012);
insert into food (food_id, name, description, price, food_type, menu_id) values (1252, 'Antennaria stenophylla (A. Gray) A. Gray', 'Integer tincidunt ante vel ipsum.', 777.81, 'COOKIE', 1005);
insert into food (food_id, name, description, price, food_type, menu_id) values (1253, 'Hieracium pringlei A. Gray', 'In hac habitasse platea dictumst. Morbi vestibulum, velit id pretium iaculis, diam erat fermentum justo, nec condimentum neque sapien placerat ante.', 275.71, 'COOKIE', 1016);
insert into food (food_id, name, description, price, food_type, menu_id) values (1254, 'Lepidium hyssopifolium Desv.', 'Vestibulum rutrum rutrum neque.', 687.62, 'DESSERT', 1008);
insert into food (food_id, name, description, price, food_type, menu_id) values (1255, 'Orthotrichum fenestratum Cardot & Thér.', 'Vivamus tortor. Duis mattis egestas metus.', 82.64, 'COFFEE', 1008);
insert into food (food_id, name, description, price, food_type, menu_id) values (1256, 'Musineon divaricatum (Pursh) Raf.', 'Duis at velit eu est congue elementum. In hac habitasse platea dictumst.', 840.94, 'WINE', 1016);
insert into food (food_id, name, description, price, food_type, menu_id) values (1257, 'Arbutus menziesii Pursh', 'Sed sagittis. Nam congue, risus semper porta volutpat, quam pede lobortis ligula, sit amet eleifend pede libero quis orci.', 323.26, 'COOKIE', 1018);
insert into food (food_id, name, description, price, food_type, menu_id) values (1258, 'Leontodon autumnalis L. ssp. pratensis (Link) Arcang.', 'Duis consequat dui nec nisi volutpat eleifend. Donec ut dolor.', 309.34, 'ALCOHOL', 1005);
insert into food (food_id, name, description, price, food_type, menu_id) values (1259, 'Astranthium integrifolium (Michx.) Nutt. ssp. integrifolium', 'Nulla ac enim.', 278.55, 'DESSERT', 1004);
insert into food (food_id, name, description, price, food_type, menu_id) values (1260, 'Ranunculus acriformis A. Gray', 'Proin risus. Praesent lectus.', 191.41, 'COFFEE', 1010);
insert into food (food_id, name, description, price, food_type, menu_id) values (1261, 'Ibervillea tenuisecta (A. Gray) Small', 'Mauris enim leo, rhoncus sed, vestibulum sit amet, cursus id, turpis. Integer aliquet, massa id lobortis convallis, tortor risus dapibus augue, vel accumsan tellus nisi eu orci.', 912.85, 'BREAKFAST', 1009);
insert into food (food_id, name, description, price, food_type, menu_id) values (1262, 'Ruta graveolens L.', 'Vivamus vestibulum sagittis sapien.', 54.07, 'TEA', 1001);
insert into food (food_id, name, description, price, food_type, menu_id) values (1263, 'Tragopogon hybridus L.', 'Aliquam erat volutpat.', 899.12, 'SOUP', 1007);
insert into food (food_id, name, description, price, food_type, menu_id) values (1264, 'Cyclopeltis semicordata (Sw.) J. Sm.', 'Quisque ut erat. Curabitur gravida nisi at nibh.', 875.15, 'WINE', 1013);
insert into food (food_id, name, description, price, food_type, menu_id) values (1265, 'Melampyrum lineare Desr. var. lineare', 'Donec quis orci eget orci vehicula condimentum. Curabitur in libero ut massa volutpat convallis.', 351.1, 'APPETIZER', 1010);
insert into food (food_id, name, description, price, food_type, menu_id) values (1266, 'Thelypteris reticulata (L.) Proctor', 'Aenean sit amet justo. Morbi ut odio.', 477.89, 'MAIN_DISH', 1002);
insert into food (food_id, name, description, price, food_type, menu_id) values (1267, 'Strophanthus gratus (Wall. & Hook. ex Benth.) Baill. [excluded]', 'Donec ut mauris eget massa tempor convallis.', 761.68, 'SOUP', 1013);
insert into food (food_id, name, description, price, food_type, menu_id) values (1268, 'Pithecellobium unguis-cati (L.) Benth.', 'Etiam justo. Etiam pretium iaculis justo.', 515.36, 'APPETIZER', 1001);
insert into food (food_id, name, description, price, food_type, menu_id) values (1269, 'Nesoluma Baill.', 'Vestibulum quam sapien, varius ut, blandit non, interdum in, ante.', 460.47, 'TEA', 1008);
insert into food (food_id, name, description, price, food_type, menu_id) values (1270, 'Lonicera hispidula (Lindl.) Douglas ex Torr. & A. Gray var. vacillans A. Gray', 'Duis aliquam convallis nunc.', 833.18, 'COOKIE', 1012);
insert into food (food_id, name, description, price, food_type, menu_id) values (1271, 'Stephanomeria virgata Benth.', 'Nam tristique tortor eu pede.', 564.11, 'COFFEE', 1013);
insert into food (food_id, name, description, price, food_type, menu_id) values (1272, 'Prenanthes serpentaria Pursh', 'Nulla ac enim.', 401.33, 'COOKIE', 1011);
insert into food (food_id, name, description, price, food_type, menu_id) values (1273, 'Arabis lignifera A. Nelson', 'Cum sociis natoque penatibus et magnis dis parturient montes, nascetur ridiculus mus. Etiam vel augue.', 226.46, 'DRINK', 1006);
insert into food (food_id, name, description, price, food_type, menu_id) values (1274, 'Gilia capitata Sims ssp. staminea (Greene) V.E. Grant', 'Vivamus vel nulla eget eros elementum pellentesque.', 364.96, 'BREAKFAST', 1011);
insert into food (food_id, name, description, price, food_type, menu_id) values (1275, 'Rhizophora mucronata Lam.', 'Nulla justo.', 676.62, 'APPETIZER', 1006);
insert into food (food_id, name, description, price, food_type, menu_id) values (1276, 'Streptanthus hesperidis Jeps.', 'Maecenas leo odio, condimentum id, luctus nec, molestie sed, justo. Pellentesque viverra pede ac diam.', 162.75, 'ROLL', 1007);
insert into food (food_id, name, description, price, food_type, menu_id) values (1277, 'Veronica polita Fr.', 'In tempor, turpis nec euismod scelerisque, quam turpis adipiscing lorem, vitae mattis nibh ligula nec sem.', 992.49, 'COOKIE', 1004);
insert into food (food_id, name, description, price, food_type, menu_id) values (1278, 'Pseudognaphalium jaliscense (Greenm.) Anderb.', 'Vivamus in felis eu sapien cursus vestibulum. Proin eu mi.', 371.17, 'BREAD', 1005);
insert into food (food_id, name, description, price, food_type, menu_id) values (1279, 'Asplenium dalhousiae Hook.', 'Suspendisse potenti. Nullam porttitor lacus at turpis.', 784.24, 'DESSERT', 1003);
insert into food (food_id, name, description, price, food_type, menu_id) values (1280, 'Gardenia volkensii K. Schum.', 'Sed vel enim sit amet nunc viverra dapibus.', 647.43, 'SOUP', 1014);
insert into food (food_id, name, description, price, food_type, menu_id) values (1281, 'Scrophularia canina L.', 'Aliquam augue quam, sollicitudin vitae, consectetuer eget, rutrum at, lorem.', 449.72, 'MAIN_DISH', 1020);
insert into food (food_id, name, description, price, food_type, menu_id) values (1282, 'Xylographa disseminata Willey', 'Vestibulum ante ipsum primis in faucibus orci luctus et ultrices posuere cubilia Curae; Duis faucibus accumsan odio. Curabitur convallis.', 11.62, 'BREAKFAST', 1001);
insert into food (food_id, name, description, price, food_type, menu_id) values (1283, 'Smilax illinoensis Mangaly', 'Nullam porttitor lacus at turpis.', 944.13, 'COFFEE', 1004);
insert into food (food_id, name, description, price, food_type, menu_id) values (1284, 'Julella dispora (Müll. Arg.) R.C. Harris', 'Mauris enim leo, rhoncus sed, vestibulum sit amet, cursus id, turpis. Integer aliquet, massa id lobortis convallis, tortor risus dapibus augue, vel accumsan tellus nisi eu orci.', 499.94, 'DRINK', 1014);
insert into food (food_id, name, description, price, food_type, menu_id) values (1285, 'Calathea crotalifera S. Watson', 'In tempor, turpis nec euismod scelerisque, quam turpis adipiscing lorem, vitae mattis nibh ligula nec sem.', 643.76, 'APPETIZER', 1015);
insert into food (food_id, name, description, price, food_type, menu_id) values (1286, 'Ruppia L.', 'Nulla tempus.', 627.08, 'MAIN_DISH', 1005);
insert into food (food_id, name, description, price, food_type, menu_id) values (1287, 'Drepanocladus aduncus (Hedw.) Warnst. var. aduncus', 'In congue.', 319.45, 'BEER', 1016);
insert into food (food_id, name, description, price, food_type, menu_id) values (1288, 'Hieracium triste Willd. ex Spreng. var. fulvum Hultén', 'Maecenas tristique, est et tempus semper, est quam pharetra magna, ac consequat metus sapien ut nunc. Vestibulum ante ipsum primis in faucibus orci luctus et ultrices posuere cubilia Curae; Mauris viverra diam vitae quam.', 38.58, 'COOKIE', 1003);
insert into food (food_id, name, description, price, food_type, menu_id) values (1289, 'Hieracium ×grohii Lepage var. grohii', 'Lorem ipsum dolor sit amet, consectetuer adipiscing elit.', 891.09, 'APPETIZER', 1020);
insert into food (food_id, name, description, price, food_type, menu_id) values (1290, 'Jasminum officinale L.', 'In hac habitasse platea dictumst.', 48.46, 'COFFEE', 1016);
insert into food (food_id, name, description, price, food_type, menu_id) values (1291, 'Echinocactus polycephalus Engelm. & J.M. Bigelow', 'Maecenas pulvinar lobortis est.', 819.27, 'SNACK', 1006);
insert into food (food_id, name, description, price, food_type, menu_id) values (1292, 'Erysimum arenicola S. Watson', 'Integer ac neque. Duis bibendum.', 866.06, 'SNACK', 1018);
insert into food (food_id, name, description, price, food_type, menu_id) values (1293, 'Lodoicea Comm. ex Labill.', 'Donec vitae nisi. Nam ultrices, libero non mattis pulvinar, nulla pede ullamcorper augue, a suscipit nulla elit ac nulla.', 875.55, 'DESSERT', 1010);
insert into food (food_id, name, description, price, food_type, menu_id) values (1294, 'Gossypianthus lanuginosus (Poir.) Moq. var. tenuiflorus (Hook.) Mears ex Henrickson', 'In congue.', 326.08, 'BREAKFAST', 1008);
insert into food (food_id, name, description, price, food_type, menu_id) values (1295, 'Ambrosia hispida Pursh', 'In hac habitasse platea dictumst.', 764.2, 'DESSERT', 1007);
insert into food (food_id, name, description, price, food_type, menu_id) values (1296, 'Senna artemisioides (Gaudich. ex DC.) Randell ssp. ×coriacea (Benth.) Randell', 'Suspendisse potenti. Nullam porttitor lacus at turpis.', 18.74, 'DRINK', 1002);
insert into food (food_id, name, description, price, food_type, menu_id) values (1297, 'Acalypha neomexicana Müll. Arg.', 'Ut at dolor quis odio consequat varius. Integer ac leo.', 671.45, 'ROLL', 1001);
insert into food (food_id, name, description, price, food_type, menu_id) values (1298, 'Viola walteri House', 'Duis mattis egestas metus.', 307.44, 'WINE', 1012);
insert into food (food_id, name, description, price, food_type, menu_id) values (1299, 'Opegrapha varia Pers.', 'Etiam faucibus cursus urna. Ut tellus.', 393.17, 'DRINK', 1013);
insert into food (food_id, name, description, price, food_type, menu_id) values (1300, 'Caloncoba echinata (Oliv.) Gilg', 'Morbi porttitor lorem id ligula.', 422.65, 'APPETIZER', 1002);
insert into food (food_id, name, description, price, food_type, menu_id) values (1301, 'Hypnum vaucheri Lesq.', 'Nam nulla. Integer pede justo, lacinia eget, tincidunt eget, tempus vel, pede.', 436.27, 'ROLL', 1012);
insert into food (food_id, name, description, price, food_type, menu_id) values (1302, 'Sorghum bicolor (L.) Moench ssp. bicolor', 'Vivamus tortor.', 78.45, 'ALCOHOL', 1020);
insert into food (food_id, name, description, price, food_type, menu_id) values (1303, 'Crocus sieberi J. Gay', 'Nullam varius. Nulla facilisi.', 169.69, 'APPETIZER', 1016);
insert into food (food_id, name, description, price, food_type, menu_id) values (1304, 'Pectis L.', 'Mauris lacinia sapien quis libero. Nullam sit amet turpis elementum ligula vehicula consequat.', 746.52, 'DRINK', 1016);
insert into food (food_id, name, description, price, food_type, menu_id) values (1305, 'Heuchera alpestris Rosend., Butters & Lakela', 'Aenean fermentum.', 286.03, 'SNACK', 1014);
insert into food (food_id, name, description, price, food_type, menu_id) values (1306, 'Bauhinia monandra Kurz', 'Etiam vel augue. Vestibulum rutrum rutrum neque.', 320.27, 'SNACK', 1018);
insert into food (food_id, name, description, price, food_type, menu_id) values (1307, 'Sphaeralcea incana Torr. ex A. Gray', 'Nam dui.', 90.55, 'DESSERT', 1012);
insert into food (food_id, name, description, price, food_type, menu_id) values (1308, 'Arundinaria pygmaea (Miq.) Asch. & Graebn.', 'Nulla facilisi.', 14.26, 'BEER', 1017);
insert into food (food_id, name, description, price, food_type, menu_id) values (1309, 'Dichanthium annulatum (Forssk.) Stapf var. annulatum', 'Aliquam augue quam, sollicitudin vitae, consectetuer eget, rutrum at, lorem. Integer tincidunt ante vel ipsum.', 827.11, 'MAIN_DISH', 1010);
insert into food (food_id, name, description, price, food_type, menu_id) values (1310, 'Solanum rostratum Dunal', 'Phasellus id sapien in sapien iaculis congue. Vivamus metus arcu, adipiscing molestie, hendrerit at, vulputate vitae, nisl.', 421.67, 'SNACK', 1009);
insert into food (food_id, name, description, price, food_type, menu_id) values (1311, 'Schiedea membranacea H. St. John', 'In sagittis dui vel nisl. Duis ac nibh.', 270.53, 'DESSERT', 1004);
insert into food (food_id, name, description, price, food_type, menu_id) values (1312, 'Agropyron cristatum (L.) Gaertn.', 'Vestibulum ante ipsum primis in faucibus orci luctus et ultrices posuere cubilia Curae; Nulla dapibus dolor vel est.', 182.59, 'WINE', 1010);
insert into food (food_id, name, description, price, food_type, menu_id) values (1313, 'Xanthoria fallax (Hepp) Arnold', 'Sed accumsan felis.', 25.81, 'ROLL', 1003);
insert into food (food_id, name, description, price, food_type, menu_id) values (1314, 'Chrysobalanus icaco L.', 'Integer ac leo. Pellentesque ultrices mattis odio.', 675.38, 'APPETIZER', 1014);
insert into food (food_id, name, description, price, food_type, menu_id) values (1315, 'Rubus pergratus Blanch.', 'Morbi porttitor lorem id ligula.', 72.46, 'COOKIE', 1015);
insert into food (food_id, name, description, price, food_type, menu_id) values (1316, 'Dracocephalum moldavica L.', 'Donec semper sapien a libero.', 90.75, 'TEA', 1013);
insert into food (food_id, name, description, price, food_type, menu_id) values (1317, 'Cladonia didyma (Fée) Vain. var. vulcanica (Zoll. & Moritzi) Vain.', 'Quisque porta volutpat erat. Quisque erat eros, viverra eget, congue eget, semper rutrum, nulla.', 640.81, 'ROLL', 1016);
insert into food (food_id, name, description, price, food_type, menu_id) values (1318, 'Toona (Endl.) Roem.', 'Nulla justo. Aliquam quis turpis eget elit sodales scelerisque.', 6.71, 'ROLL', 1002);
insert into food (food_id, name, description, price, food_type, menu_id) values (1319, 'Cryptantha elata (Eastw.) Payson', 'Etiam justo. Etiam pretium iaculis justo.', 658.23, 'SOUP', 1003);
insert into food (food_id, name, description, price, food_type, menu_id) values (1320, 'Santalum L.', 'Donec quis orci eget orci vehicula condimentum.', 271.32, 'WINE', 1004);
insert into food (food_id, name, description, price, food_type, menu_id) values (1321, 'Phyllostegia warshaueri H. St. John', 'Mauris lacinia sapien quis libero.', 469.25, 'WINE', 1012);
insert into food (food_id, name, description, price, food_type, menu_id) values (1322, 'Lupinus ludovicianus Greene', 'Integer tincidunt ante vel ipsum. Praesent blandit lacinia erat.', 421.96, 'BREAD', 1016);
insert into food (food_id, name, description, price, food_type, menu_id) values (1323, 'Cercocarpus montanus Raf. var. macrourus (Rydb.) F.L. Martin', 'Phasellus sit amet erat.', 712.67, 'SNACK', 1003);
insert into food (food_id, name, description, price, food_type, menu_id) values (1324, 'Ceanothus oliganthus Nutt.', 'Morbi non lectus.', 878.28, 'BREAKFAST', 1011);
insert into food (food_id, name, description, price, food_type, menu_id) values (1325, 'Andreaea nivalis Hook.', 'Proin eu mi.', 643.91, 'BEER', 1003);
insert into food (food_id, name, description, price, food_type, menu_id) values (1326, 'Bidens cervicata Sherff', 'Pellentesque viverra pede ac diam. Cras pellentesque volutpat dui.', 881.53, 'BREAKFAST', 1016);
insert into food (food_id, name, description, price, food_type, menu_id) values (1327, 'Astragalus lentiginosus Douglas ex Hook. var. floribundus A. Gray', 'Lorem ipsum dolor sit amet, consectetuer adipiscing elit.', 187.06, 'TEA', 1008);
insert into food (food_id, name, description, price, food_type, menu_id) values (1328, 'Teucrium cubense Jacq. var. densum Jeps.', 'Nulla tempus. Vivamus in felis eu sapien cursus vestibulum.', 296.69, 'SOUP', 1014);
insert into food (food_id, name, description, price, food_type, menu_id) values (1329, 'Baptisia ×serenae M.A. Curtis (pro sp.)', 'In blandit ultrices enim.', 301.36, 'WINE', 1019);
insert into food (food_id, name, description, price, food_type, menu_id) values (1330, 'Crassula ovata (Mill.) Druce', 'Nulla nisl.', 516.23, 'BREAKFAST', 1013);
insert into food (food_id, name, description, price, food_type, menu_id) values (1331, 'Syrrhopodon prolifer Schwägr.', 'Maecenas ut massa quis augue luctus tincidunt. Nulla mollis molestie lorem.', 46.09, 'ROLL', 1003);
insert into food (food_id, name, description, price, food_type, menu_id) values (1332, 'Crotalaria rotundifolia Walter ex J.F. Gmel.', 'Quisque ut erat.', 140.47, 'BREAD', 1003);
insert into food (food_id, name, description, price, food_type, menu_id) values (1333, 'Scutellaria ocmulgee Small', 'Vestibulum ante ipsum primis in faucibus orci luctus et ultrices posuere cubilia Curae; Nulla dapibus dolor vel est.', 685.03, 'DRINK', 1012);
insert into food (food_id, name, description, price, food_type, menu_id) values (1334, 'Hygrophila polysperma (Roxb.) T. Anderson', 'Fusce posuere felis sed lacus.', 601.98, 'BREAD', 1003);
insert into food (food_id, name, description, price, food_type, menu_id) values (1335, 'Plumeria alba L.', 'Vivamus vestibulum sagittis sapien. Cum sociis natoque penatibus et magnis dis parturient montes, nascetur ridiculus mus.', 112.74, 'APPETIZER', 1020);
insert into food (food_id, name, description, price, food_type, menu_id) values (1336, 'Entodontopsis Broth.', 'Morbi sem mauris, laoreet ut, rhoncus aliquet, pulvinar sed, nisl. Nunc rhoncus dui vel sem.', 433.3, 'SOUP', 1010);
insert into food (food_id, name, description, price, food_type, menu_id) values (1337, 'Juncus ×nodosiformis Fernald', 'Vestibulum sed magna at nunc commodo placerat. Praesent blandit.', 439.18, 'ALCOHOL', 1014);
insert into food (food_id, name, description, price, food_type, menu_id) values (1338, 'Clarkia lassenensis (Eastw.) F.H. Lewis & M.E. Lewis', 'Duis bibendum. Morbi non quam nec dui luctus rutrum.', 782.23, 'BREAKFAST', 1008);
insert into food (food_id, name, description, price, food_type, menu_id) values (1339, 'Eragrostis prolifera (Sw.) Steud.', 'Etiam vel augue. Vestibulum rutrum rutrum neque.', 467.39, 'SOUP', 1018);
insert into food (food_id, name, description, price, food_type, menu_id) values (1340, 'Guatteria blainii (Griseb.) Urb.', 'Quisque arcu libero, rutrum ac, lobortis vel, dapibus at, diam. Nam tristique tortor eu pede.', 310.35, 'APPETIZER', 1016);
insert into food (food_id, name, description, price, food_type, menu_id) values (1341, 'Securigera cretica (L.) Lassen', 'Duis bibendum. Morbi non quam nec dui luctus rutrum.', 202.97, 'TEA', 1003);
insert into food (food_id, name, description, price, food_type, menu_id) values (1342, 'Hypericum hookerianum Wight & Arn.', 'Duis at velit eu est congue elementum. In hac habitasse platea dictumst.', 524.14, 'MAIN_DISH', 1013);
insert into food (food_id, name, description, price, food_type, menu_id) values (1343, 'Cryptogramma R. Br.', 'Quisque porta volutpat erat.', 645.23, 'DRINK', 1018);
insert into food (food_id, name, description, price, food_type, menu_id) values (1344, 'Physalis philadelphica Lam.', 'Morbi non lectus. Aliquam sit amet diam in magna bibendum imperdiet.', 189.03, 'BREAD', 1018);
insert into food (food_id, name, description, price, food_type, menu_id) values (1345, 'Chamaesyce celastroides (Boiss.) Croizat & O. Deg. var. kaenana (Sherff) O. Deg. & I. Deg.', 'Duis consequat dui nec nisi volutpat eleifend. Donec ut dolor.', 183.02, 'SNACK', 1012);
insert into food (food_id, name, description, price, food_type, menu_id) values (1346, 'Leptospermum scoparium J.R. Forst. & G. Forst.', 'Aliquam sit amet diam in magna bibendum imperdiet.', 960.34, 'WINE', 1009);
insert into food (food_id, name, description, price, food_type, menu_id) values (1347, 'Luzula hawaiiensis Buchenau var. oahuensis (O. Deg. & Fosberg) O. Deg. & I. Deg.', 'Vivamus metus arcu, adipiscing molestie, hendrerit at, vulputate vitae, nisl. Aenean lectus.', 507.57, 'BREAKFAST', 1018);
insert into food (food_id, name, description, price, food_type, menu_id) values (1348, 'Astragalus saurinus Barneby', 'Aliquam augue quam, sollicitudin vitae, consectetuer eget, rutrum at, lorem.', 959.64, 'BREAD', 1005);
insert into food (food_id, name, description, price, food_type, menu_id) values (1349, 'Mimulus kelloggii (Curran ex Greene) Curran ex A. Gray', 'Vestibulum ante ipsum primis in faucibus orci luctus et ultrices posuere cubilia Curae; Duis faucibus accumsan odio.', 36.26, 'BREAKFAST', 1016);
insert into food (food_id, name, description, price, food_type, menu_id) values (1350, 'Tridax L.', 'Integer tincidunt ante vel ipsum.', 240.69, 'MAIN_DISH', 1019);
insert into food (food_id, name, description, price, food_type, menu_id) values (1351, 'Acarospora thelococcoides (Nyl.) Zahlbr.', 'Pellentesque eget nunc. Donec quis orci eget orci vehicula condimentum.', 352.84, 'SOUP', 1017);
insert into food (food_id, name, description, price, food_type, menu_id) values (1352, 'Oxyrhynchus Brandegee', 'Sed accumsan felis.', 972.9, 'SNACK', 1017);
insert into food (food_id, name, description, price, food_type, menu_id) values (1353, 'Viola maviensis H. Mann', 'Duis aliquam convallis nunc.', 509.7, 'BREAD', 1005);
insert into food (food_id, name, description, price, food_type, menu_id) values (1354, 'Erica L.', 'Aliquam augue quam, sollicitudin vitae, consectetuer eget, rutrum at, lorem.', 480.44, 'MAIN_DISH', 1001);
insert into food (food_id, name, description, price, food_type, menu_id) values (1355, 'Tilia platyphyllos Scop.', 'Nunc purus.', 724.75, 'SNACK', 1010);
insert into food (food_id, name, description, price, food_type, menu_id) values (1356, 'Chrysothamnus molestus (S.F. Blake) L.C. Anderson', 'Praesent blandit lacinia erat. Vestibulum sed magna at nunc commodo placerat.', 472.65, 'ALCOHOL', 1003);
insert into food (food_id, name, description, price, food_type, menu_id) values (1357, 'Fuchsia paniculata Lindl.', 'Nunc rhoncus dui vel sem. Sed sagittis.', 903.13, 'COFFEE', 1019);
insert into food (food_id, name, description, price, food_type, menu_id) values (1358, 'Woodwardia radicans (L.) J. Sm.', 'Vivamus vestibulum sagittis sapien.', 802.81, 'COOKIE', 1005);
insert into food (food_id, name, description, price, food_type, menu_id) values (1359, 'Schaereria cinereorufa (Schaerer) Th. Fr.', 'Nam nulla.', 646.29, 'SNACK', 1009);
insert into food (food_id, name, description, price, food_type, menu_id) values (1360, 'Astragalus miser Douglas ex Hook. var. praeteritus Barneby', 'Vestibulum ante ipsum primis in faucibus orci luctus et ultrices posuere cubilia Curae; Donec pharetra, magna vestibulum aliquet ultrices, erat tortor sollicitudin mi, sit amet lobortis sapien sapien non mi.', 699.9, 'COFFEE', 1008);
insert into food (food_id, name, description, price, food_type, menu_id) values (1361, 'Physostegia virginiana (L.) Benth. ssp. virginiana', 'Duis aliquam convallis nunc.', 916.26, 'DRINK', 1008);
insert into food (food_id, name, description, price, food_type, menu_id) values (1362, 'Pyxine eschweileri (Tuck.) Vain.', 'Lorem ipsum dolor sit amet, consectetuer adipiscing elit. Proin risus.', 168.12, 'BREAD', 1019);
insert into food (food_id, name, description, price, food_type, menu_id) values (1363, 'Gymnosperma Less.', 'Nulla facilisi. Cras non velit nec nisi vulputate nonummy.', 932.56, 'ROLL', 1018);
insert into food (food_id, name, description, price, food_type, menu_id) values (1364, 'Agoseris heterophylla (Nutt.) Greene var. turgida (H.M. Hall) Jeps.', 'Cras pellentesque volutpat dui.', 682.29, 'COOKIE', 1019);
insert into food (food_id, name, description, price, food_type, menu_id) values (1365, 'Xanthopsorella Kalb & Hafellner', 'Proin interdum mauris non ligula pellentesque ultrices.', 957.01, 'DESSERT', 1020);
insert into food (food_id, name, description, price, food_type, menu_id) values (1366, 'Hemerocallis L.', 'Suspendisse potenti. Nullam porttitor lacus at turpis.', 768.35, 'BREAD', 1006);
insert into food (food_id, name, description, price, food_type, menu_id) values (1367, 'Ilex opaca Aiton var. arenicola (Ashe) Ashe', 'Integer ac neque.', 888.77, 'DRINK', 1015);
insert into food (food_id, name, description, price, food_type, menu_id) values (1368, 'Syrrhopodon prolifer Schwägr.', 'Nunc nisl. Duis bibendum, felis sed interdum venenatis, turpis enim blandit mi, in porttitor pede justo eu massa.', 712.6, 'MAIN_DISH', 1012);
insert into food (food_id, name, description, price, food_type, menu_id) values (1369, 'Fevillea L.', 'Nunc nisl.', 12.86, 'SNACK', 1018);
insert into food (food_id, name, description, price, food_type, menu_id) values (1370, 'Eriogonum ovalifolium Nutt. var. purpureum (Nutt.) Durand', 'Aenean auctor gravida sem. Praesent id massa id nisl venenatis lacinia.', 19.14, 'TEA', 1013);
insert into food (food_id, name, description, price, food_type, menu_id) values (1371, 'Oryza barthii A. Chev.', 'Integer non velit. Donec diam neque, vestibulum eget, vulputate ut, ultrices vel, augue.', 858.65, 'COFFEE', 1004);
insert into food (food_id, name, description, price, food_type, menu_id) values (1372, 'Mentzelia perennis Wooton', 'Nulla nisl.', 921.44, 'TEA', 1003);
insert into food (food_id, name, description, price, food_type, menu_id) values (1373, 'Strophostyles Elliott', 'Curabitur at ipsum ac tellus semper interdum.', 623.44, 'WINE', 1002);
insert into food (food_id, name, description, price, food_type, menu_id) values (1374, 'Rumex albescens Hillebr.', 'Pellentesque eget nunc. Donec quis orci eget orci vehicula condimentum.', 113.23, 'COOKIE', 1004);
insert into food (food_id, name, description, price, food_type, menu_id) values (1375, 'Elaphoglossum smithii (Baker) Christ', 'Maecenas pulvinar lobortis est. Phasellus sit amet erat.', 880.82, 'BREAKFAST', 1018);
insert into food (food_id, name, description, price, food_type, menu_id) values (1376, 'Hymenocallis franklinensis G. Lom. Sm., L.C. Anderson & Flory', 'Morbi quis tortor id nulla ultrices aliquet.', 692.94, 'SNACK', 1011);
insert into food (food_id, name, description, price, food_type, menu_id) values (1377, 'Lobelia berlandieri A. DC. var. brachypoda (A. Gray) McVaugh', 'Donec quis orci eget orci vehicula condimentum.', 175.09, 'DRINK', 1010);
insert into food (food_id, name, description, price, food_type, menu_id) values (1378, 'Hedyotis elatior (H. Mann) Fosberg', 'In hac habitasse platea dictumst. Aliquam augue quam, sollicitudin vitae, consectetuer eget, rutrum at, lorem.', 483.17, 'BREAKFAST', 1017);
insert into food (food_id, name, description, price, food_type, menu_id) values (1379, 'Acmella Rich. ex Pers.', 'Vivamus metus arcu, adipiscing molestie, hendrerit at, vulputate vitae, nisl. Aenean lectus.', 690.08, 'ALCOHOL', 1018);
insert into food (food_id, name, description, price, food_type, menu_id) values (1380, 'Cirsium mohavense (Greene) Petr.', 'Nulla nisl.', 311.39, 'ROLL', 1004);
insert into food (food_id, name, description, price, food_type, menu_id) values (1381, 'Phaeographis sericea (Eschw.) Müll. Arg.', 'Cum sociis natoque penatibus et magnis dis parturient montes, nascetur ridiculus mus.', 513.12, 'COOKIE', 1013);
insert into food (food_id, name, description, price, food_type, menu_id) values (1382, 'Menyanthes L.', 'Integer aliquet, massa id lobortis convallis, tortor risus dapibus augue, vel accumsan tellus nisi eu orci.', 345.6, 'SOUP', 1013);
insert into food (food_id, name, description, price, food_type, menu_id) values (1383, 'Stictocardia Hallier f.', 'In congue. Etiam justo.', 80.65, 'APPETIZER', 1014);
insert into food (food_id, name, description, price, food_type, menu_id) values (1384, 'Ribes glandulosum Grauer', 'Nulla mollis molestie lorem.', 550.93, 'COOKIE', 1011);
insert into food (food_id, name, description, price, food_type, menu_id) values (1385, 'Lupinus aridus Douglas ssp. loloensis Cox', 'Morbi non quam nec dui luctus rutrum. Nulla tellus.', 137.32, 'BREAKFAST', 1015);
insert into food (food_id, name, description, price, food_type, menu_id) values (1386, 'Torilis arvensis (Huds.) Link ssp. heterophylla (Guss.) A. Thell', 'Curabitur gravida nisi at nibh.', 27.61, 'BREAD', 1017);
insert into food (food_id, name, description, price, food_type, menu_id) values (1387, 'Acacia cardiophylla A. Cunn. ex Benth.', 'Etiam pretium iaculis justo. In hac habitasse platea dictumst.', 527.19, 'ALCOHOL', 1020);
insert into food (food_id, name, description, price, food_type, menu_id) values (1388, 'Pediomelum reverchonii (S. Watson) Rydb.', 'Aliquam quis turpis eget elit sodales scelerisque.', 910.76, 'TEA', 1013);
insert into food (food_id, name, description, price, food_type, menu_id) values (1389, 'Phaeoceros Prosk.', 'Vivamus in felis eu sapien cursus vestibulum.', 794.6, 'BREAD', 1004);
insert into food (food_id, name, description, price, food_type, menu_id) values (1390, 'Polygala penaea L. ssp. portoricensis (Britton) Gillis', 'Etiam faucibus cursus urna. Ut tellus.', 84.78, 'BREAD', 1003);
insert into food (food_id, name, description, price, food_type, menu_id) values (1391, 'Entosthodon attenuatus (Dicks.) Bryhn', 'Proin leo odio, porttitor id, consequat in, consequat ut, nulla.', 264.58, 'COFFEE', 1017);
insert into food (food_id, name, description, price, food_type, menu_id) values (1392, 'Crataegus ancisa Beadle', 'In quis justo. Maecenas rhoncus aliquam lacus.', 420.21, 'BEER', 1016);
insert into food (food_id, name, description, price, food_type, menu_id) values (1393, 'Atriplex corrugata S. Watson', 'Aliquam non mauris.', 724.9, 'COFFEE', 1001);
insert into food (food_id, name, description, price, food_type, menu_id) values (1394, 'Byssoloma Trevis.', 'Quisque porta volutpat erat.', 421.98, 'SOUP', 1009);
insert into food (food_id, name, description, price, food_type, menu_id) values (1395, 'Allium brandegeei S. Watson', 'Nulla nisl. Nunc nisl.', 717.86, 'BREAD', 1002);
insert into food (food_id, name, description, price, food_type, menu_id) values (1396, 'Mikania cordata (Burm. f.) B.L. Rob. [excluded]', 'Curabitur at ipsum ac tellus semper interdum.', 722.79, 'SOUP', 1012);
insert into food (food_id, name, description, price, food_type, menu_id) values (1397, 'Hibiscus denudatus Benth.', 'Curabitur convallis.', 379.05, 'SNACK', 1011);
insert into food (food_id, name, description, price, food_type, menu_id) values (1398, 'Collema texanum Tuck.', 'Quisque id justo sit amet sapien dignissim vestibulum. Vestibulum ante ipsum primis in faucibus orci luctus et ultrices posuere cubilia Curae; Nulla dapibus dolor vel est.', 547.48, 'DESSERT', 1014);
insert into food (food_id, name, description, price, food_type, menu_id) values (1399, 'Clematis viticaulis Steele', 'In tempor, turpis nec euismod scelerisque, quam turpis adipiscing lorem, vitae mattis nibh ligula nec sem.', 202.92, 'APPETIZER', 1019);
insert into food (food_id, name, description, price, food_type, menu_id) values (1400, 'Zanthoxylum simulans Hance', 'In quis justo. Maecenas rhoncus aliquam lacus.', 783.83, 'APPETIZER', 1003);
